id,is_rental,is_commercial,rent,price,num_bedrooms,area,x,y,num_rooms,num_bathrooms,pets,ownership_id,is_new_development,common_charges,is_furnished,financing_allowed,commission
894458,1,0,7495.0,,1.0,,-73.9817276000977,40.739753723144496,3.0,1.5,5.0,17.0,0,,1,100.0,
70266,1,0,4000.0,,1.0,,-73.98154649999998,40.7704996,,1.0,5.0,13.0,0,,0,100.0,
582563,1,0,4250.0,,2.0,900.0,-73.96991170000003,40.752026,3.0,1.0,1.0,13.0,0,,0,100.0,
899351,1,0,5800.0,,3.0,,-73.94161919999998,40.81552670000001,5.0,2.0,1.0,17.0,0,,0,100.0,
869861,0,0,,549000.0,0.0,,-73.9842289,40.7492776,1.0,1.0,1.0,3.0,0,,0,100.0,
678874,1,1,40000.0,,,7125.0,-74.01060485839841,40.714759826660206,,5.0,1.0,7.0,0,,0,100.0,
866893,1,1,2200.0,,,900.0,-73.98899449999998,40.7476304,1.0,1.0,5.0,7.0,0,,0,100.0,
751101,0,0,,895000.0,1.0,,-73.9708301,40.7532953,3.0,1.0,6.0,15.0,0,785.0,0,90.0,
901844,0,0,,2500000.0,3.0,1706.0,-73.98155212402341,40.7297592163086,5.0,2.5,1.0,15.0,0,1393.0,0,90.0,
869875,1,0,2000.0,,2.0,1000.0,-73.93586729999998,40.7968666,4.0,1.0,1.0,5.0,0,,0,100.0,
788955,0,0,,999999.0,1.0,800.0,-73.98161640000002,40.7628311,4.0,1.0,1.0,15.0,0,1103.0,0,,
815757,1,0,1575.0,,,,-73.94629299999997,40.829071899999995,1.0,1.0,1.0,17.0,0,,0,100.0,
845689,1,0,,,,,-73.9750595092773,40.791206359863295,,,1.0,17.0,0,,0,100.0,
609860,0,1,,17000000.0,,15000.0,-73.99153280000002,40.7430445,,,5.0,21.0,0,,0,75.0,0.0
892656,1,0,3450.0,,1.0,,-74.0088272094727,40.732723236084,4.0,1.0,1.0,14.0,0,,0,100.0,
860921,0,0,,5750000.0,4.0,4017.0,-74.0075225830078,40.7467460632324,8.0,3.5,5.0,15.0,0,2808.0,0,90.0,
792851,1,0,10250.0,,3.0,,-74.0055847167969,40.711601257324205,6.0,2.5,1.0,5.0,0,,0,100.0,
869944,1,1,7500.0,,,700.0,-73.9958419799805,40.722560882568395,,,4.0,7.0,0,,0,100.0,
890188,0,0,,715000.0,1.0,,-73.9817405,40.741431799999994,3.0,1.0,1.0,3.0,0,,0,100.0,
888808,1,0,3600.0,,1.0,625.0,-73.9640963,40.7547951,3.0,1.0,5.0,5.0,0,,0,100.0,
745474,0,0,,1095000.0,1.0,609.0,-73.98712899999998,40.725646999999995,3.0,1.0,1.0,15.0,0,998.0,0,90.0,
863914,0,0,,2500000.0,4.0,2100.0,-74.00706481933591,40.7048683166504,5.0,4.0,1.0,15.0,0,2638.0,0,100.0,
41795,1,0,5250.0,,4.0,1400.0,-73.97082119999997,40.7550402,6.0,2.0,1.0,5.0,0,,0,100.0,
860116,0,0,,725000.0,1.0,800.0,-73.96459399999998,40.757564,3.0,1.0,4.0,3.0,0,,0,75.0,
745155,1,1,10000.0,,,500.0,-73.97648690000001,40.7499533,,,5.0,7.0,0,,0,100.0,
30303,1,0,6045.0,,2.0,1400.0,-73.95135498046879,40.769989013671896,4.5,2.0,4.0,5.0,0,,0,100.0,
880203,0,0,,3600000.0,5.0,,-73.966667175293,40.752857208252,8.0,5.5,1.0,3.0,0,,0,50.0,2.5
808494,1,0,1875.0,,,,-73.9427185058594,40.8006591796875,2.0,1.0,1.0,5.0,0,,0,100.0,
834217,0,0,,17500000.0,7.0,8300.0,-74.00001300000002,40.74212929999999,12.0,7.5,1.0,20.0,0,,0,,
416378,1,0,2500.0,,2.0,,-74.009416,40.716269,4.0,2.0,4.0,5.0,0,,1,100.0,
884527,1,0,3929.0,,1.0,,-73.99774050000002,40.761163700000004,3.0,1.0,5.0,5.0,0,,0,100.0,
771934,0,0,,9000000.0,4.0,4961.0,-73.99443359999998,40.742180499999996,8.0,3.5,1.0,15.0,0,2744.0,0,90.0,
747125,1,1,6750.0,,,400.0,-74.00675160000003,40.7331756,,,5.0,7.0,0,,0,100.0,
701032,1,0,6000.0,,1.0,700.0,-73.98222240000003,40.7563375,3.0,1.0,1.0,15.0,0,,0,100.0,
857442,0,0,,995000.0,1.0,706.0,-74.00706481933591,40.7048683166504,3.0,1.0,1.0,15.0,0,913.0,0,90.0,3.0
886259,0,0,,985000.0,1.0,815.0,-74.01731310000002,40.7096944,3.0,1.0,1.0,15.0,0,978.0,0,90.0,2.5
67884,0,0,,234000.0,1.0,,-73.94302399999998,40.843790999999996,3.0,1.0,4.0,3.0,0,,0,90.0,
851475,0,0,,2250000.0,1.0,2064.0,-73.967001,40.756366,3.0,2.0,1.0,15.0,0,2709.0,0,80.0,2.5
887423,1,1,,,,,-73.97770849999999,40.74260659999999,,,,7.0,0,,0,100.0,
696816,1,0,5200.0,,1.0,700.0,-73.98222240000003,40.7563375,3.0,1.0,1.0,15.0,0,,0,100.0,
887424,1,0,3250.0,,1.0,,-73.9817405,40.741431799999994,3.0,1.0,5.0,14.0,0,,0,100.0,
562614,1,0,3850.0,,3.0,,-73.96511890000001,40.755779700000005,5.0,1.0,5.0,5.0,0,,0,100.0,
792927,1,0,3200.0,,0.0,525.0,-73.99212299999999,40.758095000000004,2.0,1.0,1.0,15.0,0,,1,100.0,
71720,1,0,3500.0,,1.0,750.0,-73.96284700000002,40.7942047,3.0,1.0,4.0,13.0,0,,0,100.0,
898070,0,0,,579000.0,0.0,525.0,-73.98054660000003,40.7392129,1.0,1.0,1.0,4.0,0,,0,80.0,2.5
39488,1,0,2600.0,,1.0,700.0,-73.9852939,40.7668267,3.0,1.0,4.0,5.0,0,,0,100.0,
39812,1,0,1500.0,,,,-73.950192,40.774088,1.0,1.0,4.0,12.0,0,,0,100.0,
815204,1,0,4299.0,,1.0,865.0,-73.9794998168945,40.76426315307621,3.0,2.0,4.0,15.0,0,,1,100.0,
492122,0,1,,,,,-74.0059728,40.7127753,,,5.0,8.0,0,,0,,
802773,0,0,,4250000.0,3.0,1953.0,-73.9993877,40.7409342,,2.5,1.0,15.0,0,1188.0,0,90.0,
860150,0,0,,749000.0,1.0,,-73.94815169999998,40.773565399999995,4.0,1.0,1.0,3.0,0,,0,100.0,
833986,1,0,24000.0,,4.0,3500.0,-74.00490230000003,40.7251196,10.0,3.0,6.0,15.0,0,,1,100.0,
857443,0,0,,2000000.0,2.0,1417.0,-74.00706481933591,40.7048683166504,3.0,2.5,1.0,15.0,0,1809.0,0,90.0,3.0
817705,0,0,,520000.0,,500.0,-73.99272710000002,40.7312439,,1.0,1.0,3.0,0,,0,70.0,
838638,0,0,,999000.0,1.0,885.0,-74.0050354003906,40.720676422119105,4.0,1.0,1.0,3.0,0,,0,80.0,2.5
34827,1,0,6000.0,,2.0,1000.0,-73.99212299999999,40.758095000000004,4.0,2.0,5.0,13.0,0,,0,100.0,
451358,1,1,8500.0,,,725.0,-74.00350209999998,40.72026779999999,,,5.0,10.0,0,,0,100.0,
676664,0,0,,9950000.0,5.0,8240.0,-73.9698791503906,40.7873764038086,,10.0,1.0,20.0,0,,0,,2.0
48672,1,1,18000.0,,,1450.0,-74.00350209999998,40.72026779999999,,,5.0,10.0,0,,0,100.0,
711559,1,0,2595.0,,0.0,,-73.97845749999998,40.7485471,2.5,1.0,4.0,14.0,0,,0,100.0,
859232,0,0,,995000.0,,,-74.00706481933591,40.7048683166504,,,1.0,15.0,1,,0,90.0,
730844,0,0,,1050000.0,1.0,650.0,-73.9909362792969,40.7154197692871,3.0,1.0,1.0,15.0,0,231.0,0,90.0,2.5
395109,1,0,3000.0,,,532.0,-73.99506600000002,40.742731,2.0,1.0,5.0,15.0,0,,0,100.0,
73618,1,0,3500.0,,1.0,,-73.99957359999995,40.7616154,3.0,1.0,5.0,13.0,0,,0,100.0,
369895,1,0,3800.0,,1.0,,-73.9998615,40.761756,3.0,1.0,1.0,13.0,0,,1,100.0,
57979,1,0,2800.0,,,,-74.01576700000001,40.70616879999999,,,1.0,13.0,0,,1,100.0,
43645,0,0,,2700000.0,3.0,1689.0,-73.9881119,40.7706005,,3.0,1.0,15.0,0,1495.0,0,90.0,
870861,1,0,13500.0,,2.0,1767.0,-73.9812316894531,40.783962249755895,,2.0,1.0,15.0,0,,0,100.0,
268204,1,0,6000.0,,1.0,700.0,-74.00509129999999,40.7446735,3.0,1.0,1.0,15.0,0,,0,100.0,
522421,0,0,,2000000.0,2.0,1198.0,-73.985088,40.747338,6.0,2.0,1.0,15.0,0,,0,100.0,
900151,1,0,4200.0,,1.0,740.0,-73.9699249267578,40.7548065185547,3.0,1.0,1.0,15.0,0,,1,100.0,
803896,0,0,,699001.0,1.0,,-73.9597549438477,40.800724029541,3.0,1.0,2.0,15.0,0,350.0,0,90.0,
574987,0,0,,7550000.0,2.0,1775.0,-73.9690322875977,40.7623405456543,3.0,2.5,1.0,15.0,0,3177.03,0,80.0,3.0
694367,0,0,,2850000.0,3.0,2025.0,-74.01707458496091,40.709541320800795,7.0,3.0,1.0,15.0,0,2467.0,0,90.0,3.0
865502,0,0,,2500000.0,4.0,2100.0,-74.00706481933591,40.7048683166504,5.0,4.0,1.0,15.0,0,2683.0,0,90.0,3.0
49327,1,0,3395.0,,1.0,,-74.0051159,40.7480845,3.0,1.0,5.0,14.0,0,,0,100.0,
574985,0,0,,5550000.0,2.0,1771.0,-73.9690322875977,40.7623405456543,3.0,2.5,1.0,15.0,0,2581.35,0,80.0,3.0
770590,0,0,,1150000.0,1.0,775.0,-73.98791999999999,40.779615,3.0,1.0,1.0,15.0,0,1025.0,0,90.0,2.5
69878,1,0,3695.0,,0.0,750.0,-74.009335,40.714037,3.0,1.0,1.0,5.0,0,,0,100.0,
887463,1,0,3950.0,,1.0,650.0,-74.00477600097659,40.74489212036129,,1.0,1.0,15.0,0,,0,100.0,
818148,0,0,,28500000.0,5.0,4603.0,-73.9786834716797,40.7651138305664,,6.0,1.0,15.0,0,6330.0,1,80.0,3.0
817995,0,0,,2999000.0,2.0,1199.0,-73.99456650000002,40.759030700000004,,2.0,1.0,15.0,0,1761.0,0,,
844080,0,0,,1999999.0,2.0,1264.0,-74.0002517700195,40.7482452392578,4.0,2.0,1.0,15.0,0,1269.0,0,90.0,2.5
400355,1,1,40000.0,,,4800.0,-73.97651789999998,40.749646399999996,,,5.0,5.0,0,,0,100.0,
773375,1,0,22000.0,,3.0,2877.0,-74.0042037963867,40.721626281738295,6.0,2.5,1.0,15.0,0,,0,100.0,
34825,1,0,6000.0,,2.0,1000.0,-73.99212299999999,40.758095000000004,4.0,2.0,5.0,13.0,0,,0,100.0,
766601,0,0,,829000.0,1.0,,-73.9698028564453,40.7563896179199,4.0,1.0,1.0,15.0,0,450.0,0,90.0,2.0
884014,1,0,14000.0,,2.0,1800.0,-74.0069885253906,40.7301254272461,5.0,2.5,1.0,13.0,0,,0,100.0,
858528,0,0,,5495000.0,4.0,3146.0,-74.00706481933591,40.7048683166504,6.0,4.5,1.0,15.0,0,4065.0,0,90.0,3.0
901653,0,0,,3495000.0,3.0,,-74.0058547,40.7381537,5.0,3.0,6.0,3.0,0,,0,80.0,2.5
806159,0,0,,2350000.0,2.0,1047.0,-73.98034769999998,40.78164520000001,5.0,2.0,1.0,15.0,0,1409.0,0,90.0,2.5
896094,1,0,9000.0,,2.0,1570.0,-73.9833221435547,40.7439956665039,5.0,2.0,1.0,14.0,0,,0,100.0,
810000,0,0,,1326000.0,1.0,729.0,-73.9859404,40.7635957,3.5,1.5,5.0,15.0,0,975.0,0,100.0,
252706,0,0,,965000.0,1.0,775.0,-73.98031800000003,40.764621000000005,3.0,1.0,1.0,15.0,0,853.0,0,80.0,
841289,1,0,5766.0,,2.0,1100.0,-73.9986079,40.7608836,4.0,2.0,1.0,5.0,0,,0,100.0,
68254,0,0,,350000.0,,550.0,-74.0094909667969,40.70473098754879,2.0,1.0,1.0,8.0,0,,0,80.0,
61810,0,0,,719000.0,1.0,694.0,-74.0180757,40.70924,3.5,1.0,5.0,15.0,0,776.0,0,90.0,
70786,0,0,,1600000.0,2.0,,-74.00109499999995,40.7389899,4.0,1.0,5.0,15.0,0,640.0,0,80.0,
847360,0,0,,730000.0,1.0,,-73.9817405,40.741431799999994,3.0,1.0,1.0,3.0,0,,0,80.0,
837441,0,0,,749000.0,1.0,,-73.9570236206055,40.7683868408203,,1.0,1.0,3.0,0,,0,75.0,
822281,0,0,,1050000.0,1.0,,-73.9915196,40.7335894,3.0,2.0,5.0,3.0,0,,0,80.0,
71999,0,0,,1900000.0,3.0,2600.0,-73.9815337,40.7264773,,2.5,1.0,3.0,0,,0,90.0,
884031,1,0,3595.0,,1.0,748.0,-73.9896602,40.775792700000004,3.0,1.0,1.0,15.0,0,,0,100.0,
70267,0,0,,4000000.0,2.0,1200.0,-73.98154649999998,40.7704996,5.0,2.5,5.0,15.0,0,1056.0,0,100.0,
818275,0,0,,4820000.0,3.0,1617.0,-73.99456650000002,40.759030700000004,,3.0,1.0,15.0,0,2524.0,0,90.0,3.0
837457,1,0,59000.0,,4.0,3466.0,-73.9786834716797,40.7651138305664,6.0,4.5,6.0,15.0,0,,0,100.0,
30302,1,0,5425.0,,2.0,1250.0,-73.9930631,40.755291799999995,4.0,2.0,3.0,5.0,0,,0,100.0,
908244,1,0,3600.0,,1.0,770.0,-73.990243,40.77191079999999,3.0,1.0,6.0,13.0,0,,0,100.0,
831715,1,0,4250.0,,1.0,1000.0,-73.96519470214841,40.7541389465332,3.0,1.0,1.0,14.0,0,,0,100.0,
841369,1,0,9900.0,,,850.0,-73.96934329999998,40.785778799999996,6.0,2.0,1.0,14.0,0,,0,100.0,
822550,0,0,,750000.0,1.0,658.0,-73.9708480834961,40.7519569396973,,1.0,1.0,15.0,0,461.0,0,100.0,
651541,1,0,3950.0,,1.0,717.0,-73.98883056640629,40.7770843505859,3.0,1.0,1.0,15.0,0,,0,100.0,
39487,1,0,2600.0,,1.0,700.0,-73.9852939,40.7668267,3.0,1.0,4.0,5.0,0,,0,100.0,
706654,0,0,,1299999.0,2.0,1300.0,-73.96363830566409,40.758762359619105,5.0,2.0,1.0,3.0,0,,0,75.0,3.0
802600,1,0,14000.0,,3.0,1810.0,-73.98125820000001,40.762490899999996,7.0,3.0,4.0,15.0,0,,1,100.0,
806285,0,1,,99000.0,,2600.0,-73.97570259999998,40.7497769,,,5.0,21.0,0,,0,100.0,
831493,0,0,,3495000.0,3.0,2095.0,-74.0165710449219,40.71641159057621,5.0,4.0,1.0,15.0,0,2578.0,0,80.0,2.5
871033,1,1,18500.0,,,1920.0,-74.00235440000002,40.7456267,2.0,,,7.0,0,,0,100.0,
800665,1,0,3250.0,,1.0,,-73.971097,40.748102,3.0,1.0,4.0,14.0,0,,0,100.0,
737421,0,0,,30000.0,,,-73.96493040000001,40.76472570000001,,,,5.0,1,,0,100.0,
765017,0,0,,4500000.0,3.0,2460.0,-73.98791999999999,40.779615,6.0,4.0,1.0,15.0,0,2800.0,0,90.0,2.5
756720,1,0,12000.0,,2.0,1800.0,-73.98765563964841,40.737373352050795,,2.0,4.0,5.0,0,,0,100.0,
847411,0,0,,799000.0,2.0,,-73.9685821533203,40.7997932434082,4.0,1.0,1.0,3.0,0,,0,80.0,2.5
805492,0,0,,2350000.0,2.0,1221.0,-73.9913505,40.773990600000005,4.0,2.5,1.0,15.0,0,1352.0,0,100.0,
865501,0,0,,2500000.0,4.0,2100.0,-74.00706481933591,40.7048683166504,5.0,4.0,1.0,15.0,0,2683.0,0,90.0,3.0
871168,0,0,,1865000.0,1.5,1168.0,-74.00706481933591,40.7048683166504,4.0,2.0,1.0,15.0,0,1497.0,0,90.0,
800661,0,0,,3995000.0,4.0,2400.0,-74.0083770751953,40.724666595459,11.0,4.0,1.0,15.0,0,2310.0,0,90.0,
835261,0,0,,12950000.0,5.0,6047.0,-73.9637988,40.762181,15.0,6.5,1.0,20.0,0,,0,,
60380,1,1,15000.0,,,3500.0,-73.98796290000001,40.723376,,,,7.0,0,,0,100.0,
842976,0,0,,5350000.0,3.0,,-74.00254821777341,40.73866653442379,7.0,3.5,1.0,3.0,0,,0,80.0,
859341,1,0,28500.0,,3.0,4000.0,-73.9950408935547,40.725700378418004,6.0,2.5,6.0,15.0,0,,0,100.0,
742664,0,0,,940000.0,0.0,584.0,-73.9836349487305,40.77431106567379,2.0,1.0,1.0,15.0,0,704.0,0,80.0,2.5
873526,1,1,16000.0,,,1500.0,-74.00522629999999,40.73336810000001,,,5.0,7.0,0,,0,100.0,
847727,1,0,12495.0,,2.0,1624.0,-74.0067443847656,40.71144485473629,5.0,2.5,1.0,13.0,0,,0,100.0,
876216,1,0,14000.0,,3.0,2227.0,-73.9955520629883,40.7447738647461,,3.5,1.0,15.0,0,,0,100.0,
737072,1,0,3200.0,,2.0,,-73.94951859999998,40.7708028,3.0,1.0,1.0,5.0,0,,0,100.0,
841981,0,0,,4888000.0,4.0,2505.0,-73.9888687133789,40.777027130127,6.0,4.5,1.0,15.0,0,2359.0,0,90.0,2.5
860125,0,0,,28000000.0,4.0,7693.0,-73.992431640625,40.732780456543004,8.0,7.0,1.0,15.0,0,12957.0,0,90.0,
903165,0,0,,679000.0,1.0,850.0,-73.98235009999999,40.7392065,3.0,1.0,1.0,3.0,0,,0,90.0,3.0
847747,0,0,,425000.0,0.0,,-73.960626,40.767213,,1.0,1.0,3.0,0,,0,75.0,3.0
833277,0,0,,1499500.0,1.0,1136.0,-73.9878158569336,40.779594421386705,4.0,1.5,1.0,15.0,0,1276.0,0,100.0,
651542,1,0,3600.0,,1.0,798.0,-73.9887619018555,40.7772178649902,3.0,1.0,4.0,15.0,0,,0,100.0,
876266,0,0,,879000.0,1.0,750.0,-73.96532560000003,40.761655299999994,3.5,1.0,4.0,15.0,0,767.0,0,90.0,
752235,1,0,10500.0,,3.0,2200.0,-73.99666159999998,40.722696299999996,5.0,1.0,1.0,6701.0,0,,0,100.0,
847753,0,0,,965000.0,1.0,,-73.96254750000003,40.7951105,,1.0,5.0,3.0,0,,0,75.0,3.0
871873,0,0,,1395000.0,1.0,798.0,-73.98883056640629,40.7770843505859,3.0,1.0,1.0,15.0,0,871.0,0,100.0,
757605,0,0,,7999000.0,3.0,2895.0,-74.0030517578125,40.7309608459473,8.0,3.5,1.0,15.0,0,1361.0,0,90.0,2.5
506865,1,1,12000.0,,,11002600.0,-73.99737670000002,40.713690500000006,,2.0,5.0,7.0,0,,0,100.0,
885661,0,0,,2199000.0,2.0,1275.0,-74.0036685,40.7168153,5.0,2.0,1.0,15.0,0,1510.0,0,90.0,
855701,1,0,3500.0,,0.0,550.0,-73.98614470000003,40.7720756,1.0,1.0,5.0,5.0,0,,0,100.0,
858527,0,0,,1750000.0,2.0,1263.0,-74.00706481933591,40.7048683166504,4.0,2.0,1.0,15.0,0,1616.0,0,90.0,3.0
902179,0,0,,1275000.0,1.0,611.0,-73.98903310000003,40.7407034,,1.0,1.0,15.0,0,584.0,0,,2.5
889242,0,0,,995000.0,1.0,,-73.9613723754883,40.776741027831996,3.0,1.5,1.0,3.0,0,,0,75.0,3.0
830762,0,0,,13995000.0,5.0,3818.0,-73.981559753418,40.7745590209961,,4.5,1.0,15.0,0,4146.0,0,90.0,
792853,1,0,6500.0,,2.0,,-74.009651184082,40.7140121459961,4.0,2.0,1.0,5.0,0,,0,100.0,
899332,1,0,6000.0,,3.0,1365.0,-73.953987121582,40.8070297241211,5.0,2.0,1.0,15.0,0,,0,100.0,
892722,0,0,,3450000.0,3.0,1706.0,-73.98176000000002,40.7298549,5.0,2.5,1.0,15.0,0,1842.0,0,90.0,
855712,1,1,8850.0,,,1800.0,-73.99211919999998,40.7375124,5.0,,5.0,7.0,0,,0,100.0,
403290,1,1,,,,,-74.00692219999995,40.74741289999999,,,,7.0,0,,0,100.0,
908332,1,0,4650.0,,3.0,1150.0,-73.9690399169922,40.7998924255371,5.0,1.0,1.0,5.0,0,,0,100.0,
755195,1,0,5975.0,,1.0,923.0,-73.9836349487305,40.77431106567379,3.5,1.5,6.0,15.0,0,,0,100.0,
761844,0,0,,1999000.0,3.0,1757.0,-74.0074005126953,40.7089691162109,6.0,2.5,1.0,15.0,0,2489.0,0,90.0,2.5
821722,1,0,7000.0,,2.0,,-74.00706481933591,40.7048683166504,4.0,2.0,6.0,15.0,0,,1,100.0,
894844,0,0,,8750000.0,4.0,4098.0,-73.99481201171879,40.7392120361328,,4.5,1.0,15.0,0,5381.0,0,90.0,
71577,1,0,4300.0,,1.0,,-73.9668197631836,40.7647705078125,4.0,1.0,4.0,14.0,0,,1,100.0,
578384,1,0,2500.0,,1.0,900.0,-73.94626099999999,40.792682,4.0,1.0,1.0,5.0,0,,0,100.0,
73289,1,0,3000.0,,1.0,,-73.96521899999998,40.753735,3.0,1.0,5.0,13.0,0,,1,100.0,
877093,0,0,,2495000.0,2.0,1512.0,-74.00706481933591,40.7048683166504,4.0,2.5,1.0,15.0,0,1928.0,0,90.0,3.0
47487,0,0,,650000.0,1.0,,-73.9852939,40.7668267,3.0,1.0,1.0,3.0,0,,0,100.0,
895091,1,0,7500.0,,2.0,,-73.98737849999998,40.759916,5.0,2.5,1.0,15.0,0,,0,100.0,
559451,1,0,2795.0,,1.0,,-74.00600070000002,40.7083083,,1.0,6.0,13.0,0,,1,100.0,
809430,0,0,,2100000.0,1.5,1106.0,-73.98712899999998,40.725646999999995,4.0,2.0,1.0,15.0,0,1813.0,0,90.0,
855683,1,0,3500.0,,2.0,912.0,-73.945182800293,40.8130989074707,4.0,2.0,6.0,13.0,0,,0,100.0,
749743,1,0,4500.0,,2.0,783.0,-74.015751,40.706962,4.0,1.0,1.0,15.0,0,,1,100.0,
836041,0,0,,1375000.0,2.0,1100.0,-73.9561309,40.8039693,4.0,2.0,1.0,15.0,0,721.0,0,90.0,
691573,0,0,,5000000.0,,,-73.99443359999998,40.742180499999996,,,1.0,15.0,1,,0,100.0,
805041,1,0,6200.0,,2.0,1660.0,-73.98046875,40.7567939758301,4.0,1.0,5.0,16.0,0,,0,100.0,
779137,0,0,,5995000.0,3.0,2702.0,-74.0025100708008,40.7343406677246,6.0,3.5,1.0,15.0,0,3390.0,0,90.0,3.0
64483,1,1,,45000.0,,200.0,-73.98687729999999,40.751791299999994,,,5.0,5.0,0,,0,100.0,
577455,1,0,3325.0,,1.0,,-73.9640963,40.7547951,,1.0,6.0,5.0,0,,0,100.0,
862966,0,0,,7995000.0,2.3,3750.0,-73.984977722168,40.737941741943395,7.0,3.5,1.0,15.0,0,7730.0,0,80.0,3.0
728041,1,0,5600.0,,2.0,1090.0,-73.9875259399414,40.762733459472706,4.0,2.0,1.0,15.0,0,,0,100.0,
855699,0,0,,739000.0,0.5,,-74.0079040527344,40.7054443359375,2.5,1.0,6.0,15.0,0,518.0,0,90.0,
908363,1,0,5500.0,,2.0,,-74.00967659999998,40.7075665,4.0,2.0,1.0,15.0,0,,0,100.0,
818826,1,0,2775.0,,1.0,,-73.96605729999997,40.7599169,2.0,1.0,1.0,14.0,0,,0,100.0,
861741,1,0,6500.0,,1.0,1000.0,-73.9973983764648,40.742240905761705,,2.0,6.0,12.0,0,,1,100.0,
820121,0,0,,3788888.0,3.0,1844.0,-73.9913505,40.773990600000005,,3.5,1.0,15.0,0,2046.0,0,80.0,2.5
792809,1,0,6400.0,,2.0,,-73.99801339999998,40.7576264,6.0,2.0,1.0,5.0,0,,0,100.0,
614994,1,0,2900.0,,,500.0,-73.97713440000003,40.763833500000004,1.0,1.0,5.0,5.0,0,,0,100.0,
561788,1,0,1800.0,,1.0,,-73.96465969999997,40.771148700000005,1.0,1.0,4.0,14.0,0,,1,100.0,
804963,0,0,,1145000.0,1.0,1356.0,-73.9895324707031,40.765350341796896,4.0,1.5,1.0,15.0,0,1418.0,0,90.0,5.5
843360,0,0,,2150000.0,2.0,1388.0,-73.9709777832031,40.753303527831996,,2.5,1.0,15.0,0,1626.0,0,90.0,
817968,0,0,,1988000.0,1.0,845.0,-73.99456650000002,40.759030700000004,,1.5,1.0,15.0,0,1173.0,0,,
779615,0,0,,6495000.0,3.0,2205.0,-74.0094909667969,40.71860885620121,6.0,3.0,1.0,15.0,0,3329.0,0,90.0,
773092,1,0,8000.0,,2.0,1800.0,-73.9993438720703,40.722141265869105,,2.0,1.0,5.0,0,,0,100.0,
810039,0,0,,795000.0,2.0,1010.0,-73.94040129999995,40.7929713,5.0,2.0,1.0,15.0,0,923.0,0,90.0,
859131,0,0,,875000.0,1.0,,-73.98450799999999,40.779207899999996,3.5,1.0,1.0,3.0,0,,0,75.0,3.0
587838,0,1,,6900000.0,7.0,5500.0,-73.97059200000002,40.791829,,5.5,1.0,6.0,0,1.0,0,90.0,3.0
587837,0,1,,6900000.0,7.0,5500.0,-73.97059200000002,40.791829,,5.5,1.0,6.0,0,1.0,0,90.0,3.0
825164,0,0,,8995000.0,4.0,5644.0,-73.99443359999998,40.742180499999996,9.0,4.5,1.0,15.0,0,2555.0,0,90.0,
697916,1,0,32000.0,,5.0,5095.0,-74.0064468383789,40.714141845703104,7.0,5.5,1.0,15.0,0,,0,100.0,
732381,0,0,,2250000.0,2.0,,-73.96541479999995,40.756657399999995,,1.5,1.0,15.0,1,,0,90.0,
800673,0,0,,5300000.0,4.0,2753.0,-73.99443359999998,40.742180499999996,9.0,3.5,1.0,15.0,0,2221.0,0,90.0,
889421,1,0,3300.0,,1.0,625.0,-73.9640963,40.7547951,3.0,1.0,5.0,5.0,0,,0,100.0,
838736,0,0,,825000.0,1.0,900.0,-73.99608769999998,40.72695909999999,3.0,1.0,5.0,3.0,0,,0,80.0,
552576,1,1,14600.0,,,775.0,-74.00129849999995,40.7294549,,,5.0,5.0,0,,0,100.0,
745164,1,1,10000.0,,,800.0,-73.95105239999998,40.7809378,,,5.0,7.0,0,,0,100.0,
904752,1,0,2650.0,,1.0,800.0,-73.95391469999998,40.7735559,3.0,1.0,1.0,5.0,0,,0,100.0,
68785,1,0,2950.0,,1.0,,-73.98850500000003,40.765693,3.0,1.0,1.0,5.0,0,,0,100.0,
62334,0,0,,560000.0,0.0,534.0,-74.00600070000002,40.7083083,2.0,1.0,1.0,15.0,0,346.0,0,80.0,
753114,0,0,,2900000.0,2.0,1490.0,-73.99932760000002,40.74094119999999,,2.5,1.0,15.0,0,916.0,0,90.0,
846822,0,0,,5400000.0,3.5,3250.0,-73.96585299999998,40.76321120000001,7.0,4.5,1.0,3.0,0,,0,80.0,
512158,1,0,7950.0,,1.0,1129.0,-74.0051727294922,40.7447509765625,3.0,2.0,1.0,15.0,0,,0,100.0,
903521,1,0,3500.0,,1.0,,-73.987641,40.779534000000005,3.0,1.0,1.0,15.0,0,,0,100.0,
798356,1,1,50000.0,,,3600.0,-73.97278449999997,40.752711100000006,,,5.0,10.0,0,,0,100.0,
800108,1,0,3950.0,,1.0,,-74.0026016235352,40.751148223877,,1.0,1.0,5.0,0,,0,100.0,
846856,1,0,20000.0,,3.5,3250.0,-73.96585299999998,40.76321120000001,,4.5,6.0,14.0,0,,0,100.0,
756316,0,0,,2500000.0,4.0,2385.0,-74.01707840000002,40.706306299999994,6.0,4.5,1.0,15.0,0,2348.0,0,90.0,3.0
838786,0,0,,,3.0,1773.0,-73.9581680297852,40.7644004821777,5.0,3.5,1.0,15.0,0,2192.0,0,90.0,3.0
751981,0,0,,3750000.0,3.0,1953.0,-73.99932760000002,40.74094119999999,,2.5,5.0,15.0,0,1188.0,0,90.0,
882272,0,0,,2595000.0,2.0,1400.0,-74.0083770751953,40.724666595459,5.0,2.5,1.0,15.0,0,2020.0,0,,
841932,0,0,,1995000.0,1.0,1218.0,-74.0028381347656,40.7185211181641,5.0,1.5,1.0,15.0,0,776.0,0,90.0,
887351,1,0,5500.0,,2.0,,-73.9853286743164,40.735164642334,,1.5,1.0,14.0,0,,0,100.0,
892404,1,0,2500.0,,,,-73.9670181274414,40.759880065918004,1.0,1.0,4.0,14.0,0,,0,100.0,
793447,0,0,,2995000.0,2.0,1481.0,-74.0087432861328,40.724609375,4.0,2.5,1.0,15.0,0,2376.0,0,80.0,3.0
813865,1,0,3942.0,,1.0,,-73.9698028564453,40.7563896179199,3.0,1.0,6.0,13.0,0,,1,100.0,
30334,1,0,3795.0,,1.0,751.0,-73.997932434082,40.7567176818848,3.0,1.0,1.0,5.0,0,,0,100.0,
838467,0,0,,6495000.0,3.0,2560.0,-73.99932760000002,40.74094119999999,,3.5,1.0,15.0,0,1619.0,0,90.0,
838468,0,0,,2850000.0,2.0,1490.0,-73.99932760000002,40.74094119999999,,2.5,1.0,15.0,0,917.0,0,90.0,
252693,1,0,4300.0,,1.0,,-73.96674669999999,40.764758,3.0,1.0,4.0,14.0,0,,1,100.0,
838474,0,0,,4500000.0,3.0,1953.0,-73.9993877,40.7409342,,2.5,1.0,15.0,0,1188.0,0,90.0,
523799,0,0,,2000000.0,2.0,1198.0,-73.985088,40.747338,6.0,2.0,1.0,15.0,0,1299.24,0,90.0,3.0
799367,0,0,,2750000.0,2.0,2100.0,-73.9480972290039,40.7705307006836,5.0,2.5,1.0,3.0,0,,0,40.0,2.5
780510,1,1,38000.0,,,,-73.97644880000001,40.78032,,,5.0,10.0,0,,0,100.0,
832418,0,0,,3100000.0,2.0,1911.0,-74.0054550170898,40.716869354248,4.0,2.0,1.0,15.0,0,1652.0,0,90.0,2.5
785330,0,0,,1440000.0,1.5,900.0,-73.98161640000002,40.7628311,4.0,1.5,1.0,15.0,0,1409.0,0,90.0,
30300,1,0,4395.0,,1.0,700.0,-73.9990525,40.7605599,3.0,1.0,1.0,5.0,0,,0,100.0,
884522,0,0,,899000.0,1.0,688.0,-74.01600646972659,40.7091865539551,3.0,1.0,1.0,15.0,0,933.0,0,90.0,2.5
30299,1,0,4190.0,,1.0,750.0,-73.9990525,40.7605599,3.0,1.0,1.0,5.0,0,,0,100.0,
792941,1,0,2630.0,,0.0,,-73.994151,40.729859999999995,2.0,1.0,5.0,5.0,0,,0,100.0,
56704,1,0,,,1.0,,-73.9997055,40.761438899999995,,1.0,1.0,13.0,0,,1,100.0,
605344,0,0,,3850000.0,5.0,3448.0,-73.93867590000002,40.854242,7.0,4.5,1.0,20.0,0,,0,100.0,2.5
889265,1,0,4600.0,,1.0,950.0,-73.9640963,40.7547951,4.0,1.5,1.0,5.0,0,,0,100.0,
715050,0,0,,2700000.0,2.0,1490.0,-73.9993877,40.7409342,,2.5,1.0,15.0,0,933.0,0,90.0,
757712,0,0,,2250000.0,2.0,1841.0,-73.9843292236328,40.7473182678223,4.0,2.0,1.0,15.0,0,1650.0,0,80.0,3.0
574988,0,0,,20800000.0,3.0,3277.0,-73.9690322875977,40.7623405456543,4.0,3.0,1.0,15.0,0,7152.0,0,80.0,3.0
808253,0,0,,2000000.0,3.5,1600.0,-73.96149140000001,40.7573479,7.0,3.0,1.0,15.0,0,2340.0,0,90.0,3.0
797436,0,0,,2675000.0,2.0,1236.0,-73.9831008911133,40.7669677734375,5.0,2.0,1.0,15.0,0,1400.0,0,90.0,3.0
653746,1,1,2600.0,,,1100.0,-73.98899449999998,40.7476304,,1.0,5.0,7.0,0,,0,100.0,
859077,0,0,,550000.0,1.0,,-73.98235009999999,40.7392065,3.0,1.0,1.0,3.0,0,,0,90.0,3.0
774376,0,0,,2300000.0,1.0,942.0,-73.99456650000002,40.759030700000004,3.0,1.5,1.0,15.0,0,1328.0,0,,3.0
658390,1,0,4400.0,,1.0,600.0,-73.99087689999998,40.745002500000005,3.0,1.0,1.0,5.0,0,,1,100.0,
908364,1,0,5500.0,,2.0,,-74.00967659999998,40.7075665,4.0,2.0,1.0,15.0,0,,0,100.0,
873516,0,0,,985000.0,1.0,950.0,-73.968692,40.757633,3.5,1.0,1.0,4.0,0,,0,80.0,2.25
73266,1,0,15000.0,,4.0,2400.0,-74.00829940000001,40.724983200000004,,4.0,5.0,13.0,0,,0,100.0,
72216,1,0,2300.0,,1.0,580.0,-73.94634689999998,40.782352100000004,4.0,1.0,4.0,5.0,0,,1,100.0,
43098,1,0,5200.0,,2.0,1200.0,-73.9897571,40.775630799999995,4.0,2.0,1.0,13.0,0,,0,100.0,
800683,0,1,,750000.0,,2300.0,-73.97796389999995,40.7492007,,,5.0,21.0,0,,0,,
414123,0,0,,1326795.0,2.0,1347.0,-73.94352049999999,40.810311600000006,5.0,2.0,1.0,15.0,0,705.69,0,96.0,3.0
822505,0,0,,419000.0,0.0,,-73.960626,40.767213,2.0,1.0,1.0,3.0,0,,0,75.0,
840989,0,0,,1400000.0,,850.0,-73.9693374633789,40.7854614257813,6.0,2.0,1.0,3.0,0,,0,50.0,2.5
759853,0,0,,4250000.0,4.0,2800.0,-73.9612205,40.7585066,7.0,4.0,1.0,3.0,0,0.0,0,50.0,
819499,0,0,,5000000.0,4.0,2878.0,-73.99443359999998,40.742180499999996,9.0,3.5,1.0,15.0,0,1514.0,0,90.0,
873608,1,0,2950.0,,0.0,,-74.0079040527344,40.7054443359375,2.5,1.0,1.0,13.0,0,,0,100.0,
873633,1,0,2950.0,,2.0,,-73.95869040000002,40.8021201,5.0,1.0,5.0,5.0,0,,0,100.0,
802364,0,0,,520000.0,1.0,725.0,-74.009407043457,40.7087173461914,3.0,1.0,1.0,3.0,0,,0,80.0,2.5
866899,0,0,,730000.0,1.0,,-73.9817405,40.741431799999994,3.0,1.0,1.0,3.0,0,,0,80.0,2.5
793816,0,0,,725000.0,1.0,888.0,-73.95977783203129,40.7609825134277,3.0,1.0,1.0,3.0,0,,0,75.0,2.5
878538,0,0,,1650000.0,3.0,1365.0,-73.953987121582,40.8070297241211,5.0,2.0,1.0,15.0,0,964.0,0,90.0,2.5
840721,1,0,3800.0,,1.0,700.0,-73.987205,40.732745,,1.0,1.0,14.0,0,,0,100.0,
785517,0,0,,430000.0,,,-73.97580099999998,40.746657,2.0,1.0,5.0,3.0,0,,0,80.0,
836961,0,0,,1150000.0,1.0,637.0,-73.9999303,40.728101200000005,3.0,1.0,5.0,15.0,0,641.0,0,90.0,3.0
34833,1,0,5800.0,,2.0,1190.0,-73.9839637,40.7754102,4.0,2.0,4.0,13.0,0,,0,100.0,
396452,1,0,3000.0,,,532.0,-73.99506600000002,40.742731,2.0,1.0,5.0,15.0,0,,0,100.0,
66124,1,0,4900.0,,1.0,1100.0,40.7444475,-73.9553976,,2.0,1.0,13.0,0,,0,100.0,
833248,0,0,,1800000.0,2.0,1242.0,-73.9896602,40.775792700000004,4.0,2.0,1.0,15.0,0,1447.0,0,90.0,2.5
845359,0,0,,2195000.0,2.0,1662.0,-74.0090323,40.7253633,4.0,1.5,1.0,15.0,0,1255.0,0,,6.0
773302,0,0,,5999999.0,3.0,2877.0,-74.00398410000003,40.72174570000001,6.0,2.5,1.0,15.0,0,3756.0,0,90.0,3.0
462728,0,0,,275000.0,2.0,550.0,-73.96770200000003,40.754275,3.0,1.0,5.0,3.0,0,866.0,0,100.0,3.0
462657,1,0,2800.0,,,500.0,-73.97697879999998,40.7639753,2.0,,4.0,5.0,0,,0,100.0,
873869,1,0,4850.0,,2.0,,-73.9528503417969,40.807624816894496,5.0,2.0,6.0,5.0,0,,0,100.0,
889352,1,0,4800.0,,1.0,,-73.97895179999999,40.7366485,3.0,1.0,1.0,15.0,0,,1,100.0,
58087,1,0,8995.0,,2.0,2000.0,-73.9929429,40.7554468,4.0,3.0,3.0,5.0,0,,0,100.0,
809434,0,0,,992000.0,1.0,609.0,-73.98712899999998,40.725646999999995,3.0,1.0,1.0,15.0,0,998.0,0,90.0,2.5
715401,0,0,,2950000.0,,,-73.9993877,40.7409342,,,,15.0,1,,0,,
827140,0,0,,750000.0,0.0,551.0,-73.98791999999999,40.779615,2.0,1.0,1.0,15.0,0,733.0,0,90.0,6.0
828726,1,0,2300.0,,1.5,850.0,-73.94118270000001,40.7988744,,1.0,4.0,16.0,0,,0,100.0,
55816,0,0,,10000000.0,,,-73.97423349999997,40.7632408,,,5.0,15.0,0,,0,100.0,
829877,0,0,,1325000.0,1.0,1071.0,-74.011116,40.706214,3.5,1.5,1.0,15.0,0,1300.0,0,90.0,
857043,1,0,6000.0,,1.0,999.0,-73.98748369999998,40.759721299999995,3.5,1.5,6.0,15.0,0,,1,100.0,
800682,1,0,2630.0,,0.0,,-73.9941177368164,40.730110168456996,2.0,1.0,1.0,5.0,0,,1,100.0,
627941,0,0,,3850000.0,5.0,3448.0,-73.93867590000002,40.854242,7.0,4.5,1.0,20.0,0,,0,,
749137,1,0,7000.0,,2.0,1220.0,-73.97570259999998,40.76228070000001,4.0,1.0,6.0,15.0,0,,1,100.0,
858529,0,0,,2995000.0,3.0,1795.0,-74.00706481933591,40.7048683166504,4.0,3.0,1.0,15.0,0,2351.0,0,90.0,3.0
859212,0,0,,1850000.0,1.0,1062.0,-73.9607009887695,40.7792625427246,4.0,2.0,1.0,3.0,0,,0,75.0,3.0
818037,0,0,,3188000.0,2.0,1266.0,-73.99456650000002,40.759030700000004,,2.5,1.0,15.0,0,1860.0,0,90.0,3.0
823135,0,0,,2184000.0,1.0,783.0,-73.99485109999999,40.759090500000006,3.0,1.0,1.0,15.0,0,1079.0,0,90.0,3.0
828762,1,0,2000.0,,1.5,900.0,-73.94049410000002,40.7984222,,1.0,4.0,16.0,0,,0,100.0,
887405,1,0,9995.0,,3.0,1457.0,-73.9758605957031,40.7485504150391,5.0,2.0,1.0,15.0,0,,0,100.0,
863058,0,0,,18000000.0,5.0,5800.0,-73.9658966064453,40.767917633056605,15.0,7.0,1.0,3.0,0,,0,50.0,2.5
895092,0,0,,2550000.0,2.0,1308.0,-73.98737849999998,40.759916,5.0,2.5,1.0,15.0,0,1372.0,0,90.0,2.5
559440,1,0,3795.0,,1.0,,-74.00600070000002,40.7083083,3.0,1.0,6.0,13.0,0,,1,100.0,
824030,1,0,12000.0,,3.0,,-74.0055847167969,40.711601257324205,6.0,2.5,1.0,5.0,0,,0,100.0,
714220,0,0,,3625000.0,3.0,1953.0,-73.9993877,40.7409342,,2.5,1.0,15.0,0,1188.0,0,90.0,
821477,1,1,9000.0,,,2500.0,-73.94115999999997,40.7987097,,,5.0,7.0,0,,0,100.0,
851487,1,0,3950.0,,1.0,750.0,-73.947968,40.785188299999994,3.5,1.0,1.0,13.0,0,,0,100.0,
863109,1,0,4350.0,,1.0,851.0,-73.98910999999998,40.776406099999996,3.0,1.0,5.0,15.0,0,,0,100.0,
544270,1,0,3900.0,,1.0,,-73.99931520000001,40.7615355,3.0,1.0,5.0,13.0,0,,1,100.0,
824037,1,0,3900.0,,1.0,,-74.0055847167969,40.711601257324205,3.0,1.0,1.0,5.0,0,,0,100.0,
34826,1,0,6000.0,,2.0,1000.0,-73.99212299999999,40.758095000000004,4.0,2.0,5.0,13.0,0,,0,100.0,
574961,0,0,,4850000.0,2.0,1768.0,-73.9690322875977,40.7623405456543,3.0,2.5,1.0,15.0,0,2485.91,0,80.0,3.0
579187,0,0,,989000.0,1.0,,-73.95740030000002,40.7735677,3.0,1.0,1.0,3.0,0,,0,75.0,2.5
44047,0,0,,525.0,0.0,492.0,-73.9708366,40.759362,2.0,1.0,5.0,15.0,0,381.0,0,90.0,
906529,1,0,7150.0,,4.0,,-74.00683040000001,40.7074723,,2.0,1.0,5.0,0,,0,100.0,
691969,0,0,,1430000.0,,,-73.99456650000002,40.759030700000004,,,1.0,15.0,1,,0,100.0,
838741,0,0,,2995000.0,3.0,1690.0,-73.95632549999998,40.7760398,6.0,3.0,1.0,15.0,0,1741.0,0,100.0,
611705,1,0,2500.0,,2.0,1000.0,-73.94280179999998,40.8014786,4.0,1.0,4.0,17.0,0,,0,100.0,
900139,0,0,,2699990.0,2.0,1652.0,-73.99481201171879,40.7392120361328,3.0,2.5,1.0,15.0,0,2052.0,0,90.0,3.0
857472,1,0,9795.0,,3.0,1844.0,-73.9913505,40.773990600000005,6.5,3.5,1.0,15.0,0,,0,100.0,
840633,1,0,,,2.0,1170.0,-73.998121,40.721786,,2.0,6.0,15.0,0,,0,100.0,
820217,0,0,,1845000.0,2.0,,-73.98486240000001,40.7373549,4.0,1.5,1.0,3.0,0,,0,50.0,
38204,1,0,10000.0,,,,-73.94964,40.80345,,,5.0,1.0,0,,0,100.0,
758731,0,0,,579000.0,1.0,,-73.96803160000002,40.7607016,3.0,,4.0,3.0,0,968.0,0,75.0,
908865,1,0,5250.0,,1.0,,-74.0090637207031,40.734836578369105,4.0,1.0,4.0,14.0,0,,0,100.0,
899354,1,0,2650.0,,1.0,,-73.94161919999998,40.81552670000001,3.0,1.0,1.0,17.0,0,,0,100.0,
30301,1,0,4295.0,,1.0,750.0,-73.9990525,40.7605599,3.0,1.0,1.0,5.0,0,,0,100.0,
838883,0,0,,3195000.0,3.0,1530.0,-73.9937515258789,40.7431411743164,5.0,3.0,1.0,15.0,0,2107.0,0,90.0,
897320,0,0,,549000.0,1.0,650.0,-74.00219479999998,40.747090899999996,2.0,1.0,5.0,3.0,0,1251.0,0,90.0,2.5
896237,0,0,,2625000.0,1.0,,-74.001014,40.741136,3.5,2.0,1.0,15.0,0,1046.0,0,90.0,
829962,0,0,,9500000.0,4.0,4451.0,-73.99443359999998,40.742180499999996,8.0,3.5,1.0,15.0,0,2934.0,0,90.0,
34820,1,0,6000.0,,2.0,1385.0,-73.99212299999999,40.758095000000004,4.0,2.0,5.0,13.0,0,,0,100.0,
715047,0,0,,5395000.0,3.0,2702.0,-74.0025100708008,40.7343406677246,6.0,3.5,1.0,15.0,0,3428.0,0,,3.0
843125,0,0,,2995000.0,3.0,1706.0,-73.98155299999995,40.729757899999996,5.0,2.5,1.0,15.0,0,1386.0,0,90.0,
52727,1,0,5500.0,,1.0,850.0,-73.9668197631836,40.7647705078125,3.0,2.0,4.0,14.0,0,,1,100.0,
765525,0,0,,3250000.0,3.0,1703.0,-73.9993877,40.7409342,,2.5,1.0,15.0,0,1036.0,0,90.0,
888550,1,0,1700.0,,,,-73.9846954345703,40.7664566040039,2.0,1.0,6.0,14.0,0,,0,100.0,
790211,0,0,,4000000.0,3.0,,-73.9574356079102,40.783473968505895,6.0,3.0,1.0,3.0,0,,0,50.0,2.5
63414,1,1,25000.0,,,5000.0,-74.0111162,40.7166005,,,,1.0,0,,0,100.0,
799953,1,0,3650.0,,1.0,661.0,-73.98442940000001,40.7673472,2.0,1.0,1.0,15.0,0,,0,100.0,
901921,0,0,,1595000.0,2.0,1012.0,-73.9723205566406,40.745147705078104,5.0,2.0,1.0,15.0,0,1036.0,0,90.0,3.0
793863,0,0,,1325000.0,1.0,779.0,-74.0026397705078,40.7171020507813,3.0,1.0,1.0,15.0,0,1024.0,0,90.0,
712629,0,0,,3850000.0,5.0,3448.0,-73.93867590000002,40.854242,7.0,4.5,1.0,20.0,0,,0,100.0,2.5
791229,1,0,5700.0,,2.0,1400.0,-73.97713440000003,40.763833500000004,4.5,2.0,5.0,5.0,0,,0,100.0,
506864,1,1,12000.0,,,11002600.0,-73.99737670000002,40.713690500000006,,2.0,5.0,7.0,0,,0,100.0,
623128,1,0,4000.0,,1.0,900.0,-73.97697879999998,40.7639753,3.5,1.5,5.0,5.0,0,,0,100.0,
763546,0,0,,6000000.0,3.0,3742.0,-73.9646453857422,40.7533721923828,,4.5,1.0,15.0,0,6515.0,0,,3.0
596782,1,0,2895.0,,,616.0,-73.97691659999998,40.7270107,2.0,1.0,1.0,13.0,0,,0,100.0,
403068,0,1,,,,65000.0,-74.00692219999995,40.74741289999999,,,,21.0,0,,0,,
375581,0,0,,9950000.0,2.0,2145.0,-73.9786834716797,40.7651138305664,4.0,2.5,1.0,15.0,0,2749.0,0,90.0,2.5
817983,0,0,,2499000.0,1.0,1064.0,-73.99456650000002,40.759030700000004,,2.0,1.0,15.0,0,1504.0,0,,
754277,1,0,4999.0,,2.0,,-74.00747309999997,40.7081041,4.0,2.0,4.0,15.0,0,,0,100.0,
812800,0,1,,2500000.0,,6500.0,-73.97166199999998,40.745188899999995,,,5.0,16.0,0,,0,,
30923,1,0,4095.0,,1.0,750.0,-73.9924697875977,40.754913330078104,3.0,1.0,3.0,5.0,0,,0,100.0,
547999,1,0,2900.0,,0.0,620.0,-73.97697879999998,40.7639753,2.5,1.0,5.0,5.0,0,,0,100.0,
895093,1,0,2999.0,,1.0,,-73.97621154785159,40.745944976806605,3.0,1.0,1.0,14.0,0,,0,100.0,
743413,0,0,,995000.0,1.0,609.0,-73.98712899999998,40.725646999999995,2.0,1.0,1.0,15.0,0,998.0,0,90.0,2.5
774857,0,0,,2000000.0,6.0,2250.0,-73.94700899999998,40.814434999999996,17.0,6.0,1.0,8.0,0,,0,100.0,3.0
901407,1,0,2000.0,,2.0,950.0,-73.9400005,40.7998074,4.0,1.0,1.0,5.0,0,,0,100.0,
792815,1,0,3800.0,,1.0,,-74.0055847167969,40.711601257324205,3.0,1.0,1.0,5.0,0,,0,100.0,
907147,1,0,3300.0,,2.0,,-73.94702660000002,40.78191079999999,4.5,1.0,1.0,14.0,0,,0,100.0,
864030,1,0,6200.0,,2.0,1400.0,-73.97698309999998,40.76396930000001,4.5,2.0,5.0,5.0,0,,0,100.0,
840324,0,0,,700000.0,1.0,800.0,-73.97650146484379,40.7476577758789,4.0,1.0,2.0,3.0,0,,0,80.0,2.5
68786,1,0,2950.0,,1.0,,-73.98850500000003,40.765693,3.0,1.0,1.0,5.0,0,,0,100.0,
66123,1,0,4900.0,,1.0,1100.0,40.7444475,-73.9553976,,2.0,1.0,13.0,0,,0,100.0,
864019,0,0,,795000.0,1.0,,-73.95362854003909,40.773475646972706,,1.0,1.0,3.0,0,,0,80.0,2.5
72215,1,0,2300.0,,1.0,580.0,-73.94634689999998,40.782352100000004,4.0,1.0,4.0,5.0,0,,1,100.0,
575000,0,0,,18800000.0,3.0,3227.0,-73.9690322875977,40.7623405456543,4.0,3.0,1.0,15.0,0,6658.0,0,80.0,3.0
458396,1,0,3199.0,,1.5,,-73.95345550000002,40.780472700000004,4.0,1.0,2.0,5.0,0,,0,100.0,
475554,0,0,,1320000.0,2.0,1347.0,-73.94352049999999,40.810311600000006,5.0,2.0,1.0,15.0,0,705.69,0,96.0,3.0
752238,0,0,,1562000.0,0.0,608.0,-73.99456650000002,40.759030700000004,2.0,1.0,1.0,15.0,0,862.0,0,,3.0
792816,1,0,4000.0,,1.0,,-74.0055847167969,40.711601257324205,3.0,1.0,1.0,5.0,0,,0,100.0,
821308,1,0,13000.0,,2.0,1500.0,-73.9705505371094,40.760795593261705,5.0,2.0,4.0,14.0,0,,1,100.0,
526750,0,0,,2350000.0,,,-73.98155299999995,40.729757899999996,,,1.0,15.0,1,,0,100.0,
846623,0,0,,2225000.0,2.0,1570.0,-73.9833221435547,40.7439956665039,5.0,2.0,1.0,3.0,0,,0,75.0,3.0
895300,1,1,7500.0,,,600.0,-73.97620560000001,40.748905799999996,2.0,1.0,,7.0,0,,0,100.0,
843274,1,0,4495.0,,1.0,836.0,-73.9913505,40.773990600000005,3.0,1.5,6.0,15.0,0,,0,100.0,
793333,0,0,,1230000.0,1.0,606.0,-74.013695,40.709145,3.0,1.0,1.0,15.0,0,960.0,0,90.0,
674064,0,0,,995000.0,,,-73.98712899999998,40.725646999999995,,,,15.0,1,,0,90.0,
799007,0,0,,4250000.0,2.0,2026.0,-74.0009994506836,40.721527099609396,7.0,3.0,1.0,15.0,0,1482.0,0,90.0,3.0
909455,1,0,3500.0,,,,-73.9774856567383,40.7491874694824,2.5,1.0,1.0,13.0,0,,1,100.0,
787378,1,0,35000.0,,5.0,,-73.97023200000002,40.787633,,10.0,1.0,20.0,0,,0,100.0,
764622,1,0,2850.0,,1.0,,-73.94158935546879,40.7945976257324,3.0,1.0,1.0,15.0,0,,1,100.0,
829491,0,0,,1195000.0,1.5,,-73.9952926635742,40.7282943725586,4.0,1.0,1.0,3.0,0,,0,80.0,3.0
879576,0,0,,1199000.0,1.0,764.0,-73.990243,40.77191079999999,3.0,1.0,1.0,15.0,0,822.0,0,100.0,2.5
808936,0,0,,4595000.0,3.0,2517.0,-74.0107040405273,40.7224159240723,6.0,3.0,1.0,15.0,0,3369.0,0,100.0,2.5
653269,1,1,15000.0,,,,-74.00474159999997,40.7314875,,,5.0,5.0,0,,0,100.0,
776905,0,0,,1250000.0,1.0,873.0,-73.96844482421879,40.7508430480957,3.0,1.5,1.0,15.0,0,1197.0,0,100.0,2.5
64484,1,1,,45000.0,,200.0,-73.98687729999999,40.751791299999994,,,5.0,5.0,0,,0,100.0,
792798,1,0,3750.0,,1.0,661.0,-73.98442940000001,40.7673472,2.0,1.0,1.0,15.0,0,,0,100.0,
835141,0,0,,3999500.0,2.0,1767.0,-73.9812316894531,40.783962249755895,4.0,2.0,1.0,15.0,0,2316.0,0,90.0,
766617,0,0,,800000.0,1.0,,-73.9646682739258,40.77219772338871,,1.0,6.0,3.0,0,,0,80.0,
825344,0,0,,2250000.0,1.0,1110.0,-74.0078811645508,40.74619674682621,3.0,1.5,1.0,15.0,0,2266.0,0,90.0,
24058,1,0,3937.0,,1.0,750.0,-73.97434799999999,40.748151,3.0,1.0,3.0,5.0,0,0.0,0,100.0,
898068,0,0,,2479000.0,3.0,1560.0,-73.959098815918,40.7994842529297,,2.0,1.0,15.0,0,1267.0,0,90.0,
808995,0,0,,1350000.0,1.0,988.0,-73.98737849999998,40.759916,3.0,1.5,1.0,15.0,0,1021.0,0,100.0,
909547,1,0,4450.0,,2.0,1100.0,-73.964163,40.758253,,2.0,3.0,5.0,0,,0,100.0,
708233,1,0,3900.0,,1.0,1000.0,-73.97697879999998,40.7639753,3.5,1.5,5.0,5.0,0,,0,100.0,
800535,0,0,,4850000.0,4.0,2753.0,-73.99443359999998,40.742180499999996,9.0,3.5,1.0,15.0,0,1609.0,0,90.0,
744093,0,0,,1188000.0,1.0,640.0,-73.98712899999998,40.725646999999995,3.0,1.0,1.0,15.0,0,1049.0,0,90.0,2.5
877344,1,0,3969.0,,1.0,745.0,-73.98883056640629,40.7770843505859,3.0,1.0,6.0,13.0,0,,0,100.0,
811516,0,1,,500000.0,,300.0,-73.96977950000002,40.7519846,,,,8.0,0,,0,100.0,
855703,1,0,5500.0,,1.0,,-73.96548889999997,40.7625289,3.5,2.0,4.0,15.0,0,,1,,
876237,1,0,20995.0,,4.0,2780.0,-73.9819030761719,40.7799530029297,10.5,3.0,6.0,15.0,0,,0,100.0,
897294,0,0,,875000.0,1.0,675.0,-73.9914627075195,40.7335090637207,3.0,1.0,1.0,3.0,0,,0,100.0,
795324,1,0,8000.0,,2.0,1343.0,-73.9913505,40.773990600000005,5.0,2.5,1.0,15.0,0,,0,100.0,
458622,1,1,16000.0,,,680.0,-73.95672900000001,40.778215700000004,,,5.0,5.0,0,,0,100.0,
595358,1,0,3950.0,,1.0,820.0,-73.97697879999998,40.7639753,3.5,1.0,5.0,5.0,0,,0,100.0,
744206,1,0,2950.0,,1.0,,-73.98301649999995,40.767124700000004,3.0,1.0,6.0,5.0,0,,0,100.0,
574986,0,0,,6200000.0,,,-73.9690322875977,40.7623405456543,,,1.0,15.0,0,2819.43,0,80.0,3.0
793352,0,0,,575000.0,0.0,,-73.9927062988281,40.7316551208496,2.5,1.0,1.0,3.0,0,,0,100.0,
774001,0,0,,1440000.0,1.0,848.0,-73.979336,40.757684000000005,3.0,1.5,1.0,15.0,0,1145.0,0,80.0,
909349,1,0,5900.0,,3.0,,-73.9528503417969,40.807624816894496,6.0,2.5,6.0,5.0,0,,0,100.0,
743932,1,0,32000.0,,5.0,3744.0,-73.97829680000002,40.7888251,7.0,4.5,1.0,15.0,0,,0,100.0,
73662,1,0,5700.0,,3.0,1200.0,-73.9992199,40.761614,5.0,2.0,1.0,13.0,0,,0,100.0,
57624,1,0,2700.0,,0.0,500.0,-73.9826872,40.7615482,2.0,1.0,4.0,13.0,0,,1,100.0,
56705,1,0,,,1.0,,-73.9997055,40.761438899999995,,1.0,1.0,13.0,0,,1,100.0,
369894,1,0,3800.0,,1.0,,-73.9998615,40.761756,3.0,1.0,1.0,13.0,0,,1,100.0,
66432,1,0,3300.0,,2.0,,-73.97993500000003,40.763529999999996,5.0,1.0,5.0,5.0,0,,0,100.0,
806242,1,0,5650.0,,3.0,,-74.005999,40.707967100000005,,2.0,4.0,13.0,0,,0,100.0,
866803,1,0,5300.0,,3.0,1300.0,-73.99255500000001,40.770792,,3.0,1.0,5.0,0,,0,100.0,
841098,1,0,9000.0,,2.0,1612.0,-73.9858932495117,40.7450561523438,6.0,2.5,6.0,15.0,0,,0,100.0,
629881,1,0,3795.0,,4.0,,-73.95090529999997,40.825038299999996,6.0,2.0,,5.0,0,,0,100.0,
826210,0,0,,1400000.0,2.0,,-73.9586868286133,40.767894744873,3.0,2.0,6.0,3.0,0,,0,75.0,
795210,0,0,,4750000.0,4.0,2753.0,-73.99443359999998,40.742180499999996,,3.5,1.0,15.0,0,1704.0,0,90.0,
755545,0,0,,1128750.0,1.0,640.0,-73.98712899999998,40.725646999999995,3.0,1.0,1.0,15.0,0,1049.0,0,90.0,
771924,0,0,,5000000.0,4.0,2878.0,-73.99443359999998,40.742180499999996,9.0,3.5,1.0,15.0,0,1514.0,0,90.0,
765792,0,0,,3900000.0,2.0,1971.0,-73.9865951538086,40.73289108276371,5.0,2.5,1.0,15.0,0,1333.0,0,90.0,3.0
875835,1,0,30000.0,,2.3,3750.0,-73.984977722168,40.737941741943395,7.0,3.5,1.0,15.0,0,,0,100.0,
794804,0,0,,3350000.0,3.0,,-73.9767608642578,40.776405334472706,6.0,4.0,6.0,3.0,0,,0,80.0,3.0
755390,0,0,,595000.0,0.5,460.0,-73.9598388671875,40.7985801696777,3.0,1.0,1.0,15.0,0,425.0,0,100.0,1.5
841097,0,0,,2250000.0,3.0,1609.0,-73.95542907714841,40.7771224975586,,2.5,1.0,15.0,0,1893.0,0,90.0,
794244,1,0,2100.0,,1.0,550.0,-73.97394629999997,40.7469705,3.0,1.0,4.0,5.0,0,,0,100.0,
892727,0,0,,725000.0,0.0,551.0,-73.98791999999999,40.779615,2.0,1.0,1.0,15.0,0,754.0,0,100.0,
883283,0,0,,5650000.0,3.0,2706.0,-74.00706481933591,40.7048683166504,7.0,3.5,1.0,15.0,0,3477.0,0,100.0,
860149,0,0,,749000.0,1.0,,-73.94815169999998,40.773565399999995,4.0,1.0,1.0,3.0,0,,0,100.0,
479459,0,0,,,2.0,883.0,-73.9825057983398,40.775787353515604,,1.5,1.0,15.0,0,,0,90.0,3.0
829196,0,0,,1715000.0,2.0,1329.0,-73.98451232910159,40.760337829589794,5.0,2.0,1.0,15.0,0,1917.0,0,90.0,2.5
534081,1,0,4100.0,,1.0,729.0,-73.986032,40.763778,3.5,1.5,6.0,13.0,0,,0,100.0,
676759,0,0,,4595000.0,2.0,4000.0,-74.0090560913086,40.7201385498047,10.0,4.0,1.0,3.0,0,,0,80.0,2.5
652411,0,1,,99000.0,,,-73.95589970000003,40.7705146,,,,21.0,0,,1,,
887479,1,0,8000.0,,1.0,1300.0,-74.00018310546879,40.7242584228516,4.0,2.0,1.0,15.0,0,,1,100.0,
792810,1,0,6800.0,,2.0,,-73.99801339999998,40.7576264,6.0,2.0,1.0,5.0,0,,0,100.0,
869732,1,0,2750.0,,1.0,700.0,-73.94667070000003,40.8180576,3.0,1.0,5.0,5.0,0,,0,100.0,
792811,1,0,6500.0,,2.0,,-74.0055847167969,40.711601257324205,5.0,2.0,1.0,5.0,0,,0,100.0,
568593,1,1,14500.0,,,600.0,-73.97724069999998,40.749320000000004,,,,7.0,0,,0,100.0,
834234,0,0,,4950000.0,4.0,2753.0,-73.99443359999998,40.742180499999996,9.0,3.5,1.0,15.0,0,1609.0,0,90.0,
810680,0,0,,599999.0,1.0,,-73.95972359999995,40.7682671,3.0,1.0,2.0,3.0,0,,0,75.0,
52468,1,0,3098.0,,1.0,700.0,-73.96537419999999,40.7616292,3.0,1.0,4.0,13.0,0,,0,100.0,
751179,0,0,,1102500.0,1.0,640.0,-73.98712899999998,40.725646999999995,3.0,1.0,1.0,15.0,0,1049.0,0,90.0,
804355,0,1,,,,23000.0,-74.00845290000002,40.7086196,,,5.0,16.0,0,,0,100.0,
661899,1,1,6000.0,,,400.0,-74.00542630000002,40.7336217,,,1.0,10.0,0,,0,100.0,
