is_rental,is_commercial,rent,price,num_bedrooms,area,num_rooms,num_bathrooms,pets,is_new_development,common_charges,is_furnished
1,0,7495.0,,1.0,,3.0,1.5,5.0,0,,1
1,0,4000.0,,1.0,,,1.0,5.0,0,,0
1,0,4250.0,,2.0,900.0,3.0,1.0,1.0,0,,0
1,0,5800.0,,3.0,,5.0,2.0,1.0,0,,0
0,0,,549000.0,0.0,,1.0,1.0,1.0,0,,0
1,1,40000.0,,,7125.0,,5.0,1.0,0,,0
1,1,2200.0,,,900.0,1.0,1.0,5.0,0,,0
0,0,,895000.0,1.0,,3.0,1.0,6.0,0,785.0,0
0,0,,2500000.0,3.0,1706.0,5.0,2.5,1.0,0,1393.0,0
1,0,2000.0,,2.0,1000.0,4.0,1.0,1.0,0,,0
0,0,,999999.0,1.0,800.0,4.0,1.0,1.0,0,1103.0,0
1,0,1575.0,,,,1.0,1.0,1.0,0,,0
1,0,,,,,,,1.0,0,,0
0,1,,17000000.0,,15000.0,,,5.0,0,,0
1,0,3450.0,,1.0,,4.0,1.0,1.0,0,,0
0,0,,5750000.0,4.0,4017.0,8.0,3.5,5.0,0,2808.0,0
1,0,10250.0,,3.0,,6.0,2.5,1.0,0,,0
1,1,7500.0,,,700.0,,,4.0,0,,0
0,0,,715000.0,1.0,,3.0,1.0,1.0,0,,0
1,0,3600.0,,1.0,625.0,3.0,1.0,5.0,0,,0
0,0,,1095000.0,1.0,609.0,3.0,1.0,1.0,0,998.0,0
0,0,,2500000.0,4.0,2100.0,5.0,4.0,1.0,0,2638.0,0
1,0,5250.0,,4.0,1400.0,6.0,2.0,1.0,0,,0
0,0,,725000.0,1.0,800.0,3.0,1.0,4.0,0,,0
1,1,10000.0,,,500.0,,,5.0,0,,0
1,0,6045.0,,2.0,1400.0,4.5,2.0,4.0,0,,0
0,0,,3600000.0,5.0,,8.0,5.5,1.0,0,,0
1,0,1875.0,,,,2.0,1.0,1.0,0,,0
0,0,,17500000.0,7.0,8300.0,12.0,7.5,1.0,0,,0
1,0,2500.0,,2.0,,4.0,2.0,4.0,0,,1
1,0,3929.0,,1.0,,3.0,1.0,5.0,0,,0
0,0,,9000000.0,4.0,4961.0,8.0,3.5,1.0,0,2744.0,0
1,1,6750.0,,,400.0,,,5.0,0,,0
1,0,6000.0,,1.0,700.0,3.0,1.0,1.0,0,,0
0,0,,995000.0,1.0,706.0,3.0,1.0,1.0,0,913.0,0
0,0,,985000.0,1.0,815.0,3.0,1.0,1.0,0,978.0,0
0,0,,234000.0,1.0,,3.0,1.0,4.0,0,,0
0,0,,2250000.0,1.0,2064.0,3.0,2.0,1.0,0,2709.0,0
1,1,,,,,,,,0,,0
1,0,5200.0,,1.0,700.0,3.0,1.0,1.0,0,,0
1,0,3250.0,,1.0,,3.0,1.0,5.0,0,,0
1,0,3850.0,,3.0,,5.0,1.0,5.0,0,,0
1,0,3200.0,,0.0,525.0,2.0,1.0,1.0,0,,1
1,0,3500.0,,1.0,750.0,3.0,1.0,4.0,0,,0
0,0,,579000.0,0.0,525.0,1.0,1.0,1.0,0,,0
1,0,2600.0,,1.0,700.0,3.0,1.0,4.0,0,,0
1,0,1500.0,,,,1.0,1.0,4.0,0,,0
1,0,4299.0,,1.0,865.0,3.0,2.0,4.0,0,,1
0,1,,,,,,,5.0,0,,0
0,0,,4250000.0,3.0,1953.0,,2.5,1.0,0,1188.0,0
0,0,,749000.0,1.0,,4.0,1.0,1.0,0,,0
1,0,24000.0,,4.0,3500.0,10.0,3.0,6.0,0,,1
0,0,,2000000.0,2.0,1417.0,3.0,2.5,1.0,0,1809.0,0
0,0,,520000.0,,500.0,,1.0,1.0,0,,0
0,0,,999000.0,1.0,885.0,4.0,1.0,1.0,0,,0
1,0,6000.0,,2.0,1000.0,4.0,2.0,5.0,0,,0
1,1,8500.0,,,725.0,,,5.0,0,,0
0,0,,9950000.0,5.0,8240.0,,10.0,1.0,0,,0
1,1,18000.0,,,1450.0,,,5.0,0,,0
1,0,2595.0,,0.0,,2.5,1.0,4.0,0,,0
0,0,,995000.0,,,,,1.0,1,,0
0,0,,1050000.0,1.0,650.0,3.0,1.0,1.0,0,231.0,0
1,0,3000.0,,,532.0,2.0,1.0,5.0,0,,0
1,0,3500.0,,1.0,,3.0,1.0,5.0,0,,0
1,0,3800.0,,1.0,,3.0,1.0,1.0,0,,1
1,0,2800.0,,,,,,1.0,0,,1
0,0,,2700000.0,3.0,1689.0,,3.0,1.0,0,1495.0,0
1,0,13500.0,,2.0,1767.0,,2.0,1.0,0,,0
1,0,6000.0,,1.0,700.0,3.0,1.0,1.0,0,,0
0,0,,2000000.0,2.0,1198.0,6.0,2.0,1.0,0,,0
1,0,4200.0,,1.0,740.0,3.0,1.0,1.0,0,,1
0,0,,699001.0,1.0,,3.0,1.0,2.0,0,350.0,0
0,0,,7550000.0,2.0,1775.0,3.0,2.5,1.0,0,3177.03,0
0,0,,2850000.0,3.0,2025.0,7.0,3.0,1.0,0,2467.0,0
0,0,,2500000.0,4.0,2100.0,5.0,4.0,1.0,0,2683.0,0
1,0,3395.0,,1.0,,3.0,1.0,5.0,0,,0
0,0,,5550000.0,2.0,1771.0,3.0,2.5,1.0,0,2581.35,0
0,0,,1150000.0,1.0,775.0,3.0,1.0,1.0,0,1025.0,0
1,0,3695.0,,0.0,750.0,3.0,1.0,1.0,0,,0
1,0,3950.0,,1.0,650.0,,1.0,1.0,0,,0
0,0,,28500000.0,5.0,4603.0,,6.0,1.0,0,6330.0,1
0,0,,2999000.0,2.0,1199.0,,2.0,1.0,0,1761.0,0
0,0,,1999999.0,2.0,1264.0,4.0,2.0,1.0,0,1269.0,0
1,1,40000.0,,,4800.0,,,5.0,0,,0
1,0,22000.0,,3.0,2877.0,6.0,2.5,1.0,0,,0
1,0,6000.0,,2.0,1000.0,4.0,2.0,5.0,0,,0
0,0,,829000.0,1.0,,4.0,1.0,1.0,0,450.0,0
1,0,14000.0,,2.0,1800.0,5.0,2.5,1.0,0,,0
0,0,,5495000.0,4.0,3146.0,6.0,4.5,1.0,0,4065.0,0
0,0,,3495000.0,3.0,,5.0,3.0,6.0,0,,0
0,0,,2350000.0,2.0,1047.0,5.0,2.0,1.0,0,1409.0,0
1,0,9000.0,,2.0,1570.0,5.0,2.0,1.0,0,,0
0,0,,1326000.0,1.0,729.0,3.5,1.5,5.0,0,975.0,0
0,0,,965000.0,1.0,775.0,3.0,1.0,1.0,0,853.0,0
1,0,5766.0,,2.0,1100.0,4.0,2.0,1.0,0,,0
0,0,,350000.0,,550.0,2.0,1.0,1.0,0,,0
0,0,,719000.0,1.0,694.0,3.5,1.0,5.0,0,776.0,0
0,0,,1600000.0,2.0,,4.0,1.0,5.0,0,640.0,0
0,0,,730000.0,1.0,,3.0,1.0,1.0,0,,0
0,0,,749000.0,1.0,,,1.0,1.0,0,,0
0,0,,1050000.0,1.0,,3.0,2.0,5.0,0,,0
0,0,,1900000.0,3.0,2600.0,,2.5,1.0,0,,0
1,0,3595.0,,1.0,748.0,3.0,1.0,1.0,0,,0
0,0,,4000000.0,2.0,1200.0,5.0,2.5,5.0,0,1056.0,0
0,0,,4820000.0,3.0,1617.0,,3.0,1.0,0,2524.0,0
1,0,59000.0,,4.0,3466.0,6.0,4.5,6.0,0,,0
1,0,5425.0,,2.0,1250.0,4.0,2.0,3.0,0,,0
1,0,3600.0,,1.0,770.0,3.0,1.0,6.0,0,,0
1,0,4250.0,,1.0,1000.0,3.0,1.0,1.0,0,,0
1,0,9900.0,,,850.0,6.0,2.0,1.0,0,,0
0,0,,750000.0,1.0,658.0,,1.0,1.0,0,461.0,0
1,0,3950.0,,1.0,717.0,3.0,1.0,1.0,0,,0
1,0,2600.0,,1.0,700.0,3.0,1.0,4.0,0,,0
0,0,,1299999.0,2.0,1300.0,5.0,2.0,1.0,0,,0
1,0,14000.0,,3.0,1810.0,7.0,3.0,4.0,0,,1
0,1,,99000.0,,2600.0,,,5.0,0,,0
0,0,,3495000.0,3.0,2095.0,5.0,4.0,1.0,0,2578.0,0
1,1,18500.0,,,1920.0,2.0,,,0,,0
1,0,3250.0,,1.0,,3.0,1.0,4.0,0,,0
0,0,,30000.0,,,,,,1,,0
0,0,,4500000.0,3.0,2460.0,6.0,4.0,1.0,0,2800.0,0
1,0,12000.0,,2.0,1800.0,,2.0,4.0,0,,0
0,0,,799000.0,2.0,,4.0,1.0,1.0,0,,0
0,0,,2350000.0,2.0,1221.0,4.0,2.5,1.0,0,1352.0,0
0,0,,2500000.0,4.0,2100.0,5.0,4.0,1.0,0,2683.0,0
0,0,,1865000.0,1.5,1168.0,4.0,2.0,1.0,0,1497.0,0
0,0,,3995000.0,4.0,2400.0,11.0,4.0,1.0,0,2310.0,0
0,0,,12950000.0,5.0,6047.0,15.0,6.5,1.0,0,,0
1,1,15000.0,,,3500.0,,,,0,,0
0,0,,5350000.0,3.0,,7.0,3.5,1.0,0,,0
1,0,28500.0,,3.0,4000.0,6.0,2.5,6.0,0,,0
0,0,,940000.0,0.0,584.0,2.0,1.0,1.0,0,704.0,0
1,1,16000.0,,,1500.0,,,5.0,0,,0
1,0,12495.0,,2.0,1624.0,5.0,2.5,1.0,0,,0
1,0,14000.0,,3.0,2227.0,,3.5,1.0,0,,0
1,0,3200.0,,2.0,,3.0,1.0,1.0,0,,0
0,0,,4888000.0,4.0,2505.0,6.0,4.5,1.0,0,2359.0,0
0,0,,28000000.0,4.0,7693.0,8.0,7.0,1.0,0,12957.0,0
0,0,,679000.0,1.0,850.0,3.0,1.0,1.0,0,,0
0,0,,425000.0,0.0,,,1.0,1.0,0,,0
0,0,,1499500.0,1.0,1136.0,4.0,1.5,1.0,0,1276.0,0
1,0,3600.0,,1.0,798.0,3.0,1.0,4.0,0,,0
0,0,,879000.0,1.0,750.0,3.5,1.0,4.0,0,767.0,0
1,0,10500.0,,3.0,2200.0,5.0,1.0,1.0,0,,0
0,0,,965000.0,1.0,,,1.0,5.0,0,,0
0,0,,1395000.0,1.0,798.0,3.0,1.0,1.0,0,871.0,0
0,0,,7999000.0,3.0,2895.0,8.0,3.5,1.0,0,1361.0,0
1,1,12000.0,,,11002600.0,,2.0,5.0,0,,0
0,0,,2199000.0,2.0,1275.0,5.0,2.0,1.0,0,1510.0,0
1,0,3500.0,,0.0,550.0,1.0,1.0,5.0,0,,0
0,0,,1750000.0,2.0,1263.0,4.0,2.0,1.0,0,1616.0,0
0,0,,1275000.0,1.0,611.0,,1.0,1.0,0,584.0,0
0,0,,995000.0,1.0,,3.0,1.5,1.0,0,,0
0,0,,13995000.0,5.0,3818.0,,4.5,1.0,0,4146.0,0
1,0,6500.0,,2.0,,4.0,2.0,1.0,0,,0
1,0,6000.0,,3.0,1365.0,5.0,2.0,1.0,0,,0
0,0,,3450000.0,3.0,1706.0,5.0,2.5,1.0,0,1842.0,0
1,1,8850.0,,,1800.0,5.0,,5.0,0,,0
1,1,,,,,,,,0,,0
1,0,4650.0,,3.0,1150.0,5.0,1.0,1.0,0,,0
1,0,5975.0,,1.0,923.0,3.5,1.5,6.0,0,,0
0,0,,1999000.0,3.0,1757.0,6.0,2.5,1.0,0,2489.0,0
1,0,7000.0,,2.0,,4.0,2.0,6.0,0,,1
0,0,,8750000.0,4.0,4098.0,,4.5,1.0,0,5381.0,0
1,0,4300.0,,1.0,,4.0,1.0,4.0,0,,1
1,0,2500.0,,1.0,900.0,4.0,1.0,1.0,0,,0
1,0,3000.0,,1.0,,3.0,1.0,5.0,0,,1
0,0,,2495000.0,2.0,1512.0,4.0,2.5,1.0,0,1928.0,0
0,0,,650000.0,1.0,,3.0,1.0,1.0,0,,0
1,0,7500.0,,2.0,,5.0,2.5,1.0,0,,0
1,0,2795.0,,1.0,,,1.0,6.0,0,,1
0,0,,2100000.0,1.5,1106.0,4.0,2.0,1.0,0,1813.0,0
1,0,3500.0,,2.0,912.0,4.0,2.0,6.0,0,,0
1,0,4500.0,,2.0,783.0,4.0,1.0,1.0,0,,1
0,0,,1375000.0,2.0,1100.0,4.0,2.0,1.0,0,721.0,0
0,0,,5000000.0,,,,,1.0,1,,0
1,0,6200.0,,2.0,1660.0,4.0,1.0,5.0,0,,0
0,0,,5995000.0,3.0,2702.0,6.0,3.5,1.0,0,3390.0,0
1,1,,45000.0,,200.0,,,5.0,0,,0
1,0,3325.0,,1.0,,,1.0,6.0,0,,0
0,0,,7995000.0,2.3,3750.0,7.0,3.5,1.0,0,7730.0,0
1,0,5600.0,,2.0,1090.0,4.0,2.0,1.0,0,,0
0,0,,739000.0,0.5,,2.5,1.0,6.0,0,518.0,0
1,0,5500.0,,2.0,,4.0,2.0,1.0,0,,0
1,0,2775.0,,1.0,,2.0,1.0,1.0,0,,0
1,0,6500.0,,1.0,1000.0,,2.0,6.0,0,,1
0,0,,3788888.0,3.0,1844.0,,3.5,1.0,0,2046.0,0
1,0,6400.0,,2.0,,6.0,2.0,1.0,0,,0
1,0,2900.0,,,500.0,1.0,1.0,5.0,0,,0
1,0,1800.0,,1.0,,1.0,1.0,4.0,0,,1
0,0,,1145000.0,1.0,1356.0,4.0,1.5,1.0,0,1418.0,0
0,0,,2150000.0,2.0,1388.0,,2.5,1.0,0,1626.0,0
0,0,,1988000.0,1.0,845.0,,1.5,1.0,0,1173.0,0
0,0,,6495000.0,3.0,2205.0,6.0,3.0,1.0,0,3329.0,0
1,0,8000.0,,2.0,1800.0,,2.0,1.0,0,,0
0,0,,795000.0,2.0,1010.0,5.0,2.0,1.0,0,923.0,0
0,0,,875000.0,1.0,,3.5,1.0,1.0,0,,0
0,1,,6900000.0,7.0,5500.0,,5.5,1.0,0,1.0,0
0,1,,6900000.0,7.0,5500.0,,5.5,1.0,0,1.0,0
0,0,,8995000.0,4.0,5644.0,9.0,4.5,1.0,0,2555.0,0
1,0,32000.0,,5.0,5095.0,7.0,5.5,1.0,0,,0
0,0,,2250000.0,2.0,,,1.5,1.0,1,,0
0,0,,5300000.0,4.0,2753.0,9.0,3.5,1.0,0,2221.0,0
1,0,3300.0,,1.0,625.0,3.0,1.0,5.0,0,,0
0,0,,825000.0,1.0,900.0,3.0,1.0,5.0,0,,0
1,1,14600.0,,,775.0,,,5.0,0,,0
1,1,10000.0,,,800.0,,,5.0,0,,0
1,0,2650.0,,1.0,800.0,3.0,1.0,1.0,0,,0
1,0,2950.0,,1.0,,3.0,1.0,1.0,0,,0
0,0,,560000.0,0.0,534.0,2.0,1.0,1.0,0,346.0,0
0,0,,2900000.0,2.0,1490.0,,2.5,1.0,0,916.0,0
0,0,,5400000.0,3.5,3250.0,7.0,4.5,1.0,0,,0
1,0,7950.0,,1.0,1129.0,3.0,2.0,1.0,0,,0
1,0,3500.0,,1.0,,3.0,1.0,1.0,0,,0
1,1,50000.0,,,3600.0,,,5.0,0,,0
1,0,3950.0,,1.0,,,1.0,1.0,0,,0
1,0,20000.0,,3.5,3250.0,,4.5,6.0,0,,0
0,0,,2500000.0,4.0,2385.0,6.0,4.5,1.0,0,2348.0,0
0,0,,,3.0,1773.0,5.0,3.5,1.0,0,2192.0,0
0,0,,3750000.0,3.0,1953.0,,2.5,5.0,0,1188.0,0
0,0,,2595000.0,2.0,1400.0,5.0,2.5,1.0,0,2020.0,0
0,0,,1995000.0,1.0,1218.0,5.0,1.5,1.0,0,776.0,0
1,0,5500.0,,2.0,,,1.5,1.0,0,,0
1,0,2500.0,,,,1.0,1.0,4.0,0,,0
0,0,,2995000.0,2.0,1481.0,4.0,2.5,1.0,0,2376.0,0
1,0,3942.0,,1.0,,3.0,1.0,6.0,0,,1
1,0,3795.0,,1.0,751.0,3.0,1.0,1.0,0,,0
0,0,,6495000.0,3.0,2560.0,,3.5,1.0,0,1619.0,0
0,0,,2850000.0,2.0,1490.0,,2.5,1.0,0,917.0,0
1,0,4300.0,,1.0,,3.0,1.0,4.0,0,,1
0,0,,4500000.0,3.0,1953.0,,2.5,1.0,0,1188.0,0
0,0,,2000000.0,2.0,1198.0,6.0,2.0,1.0,0,1299.24,0
0,0,,2750000.0,2.0,2100.0,5.0,2.5,1.0,0,,0
1,1,38000.0,,,,,,5.0,0,,0
0,0,,3100000.0,2.0,1911.0,4.0,2.0,1.0,0,1652.0,0
0,0,,1440000.0,1.5,900.0,4.0,1.5,1.0,0,1409.0,0
1,0,4395.0,,1.0,700.0,3.0,1.0,1.0,0,,0
0,0,,899000.0,1.0,688.0,3.0,1.0,1.0,0,933.0,0
1,0,4190.0,,1.0,750.0,3.0,1.0,1.0,0,,0
1,0,2630.0,,0.0,,2.0,1.0,5.0,0,,0
1,0,,,1.0,,,1.0,1.0,0,,1
0,0,,3850000.0,5.0,3448.0,7.0,4.5,1.0,0,,0
1,0,4600.0,,1.0,950.0,4.0,1.5,1.0,0,,0
0,0,,2700000.0,2.0,1490.0,,2.5,1.0,0,933.0,0
0,0,,2250000.0,2.0,1841.0,4.0,2.0,1.0,0,1650.0,0
0,0,,20800000.0,3.0,3277.0,4.0,3.0,1.0,0,7152.0,0
0,0,,2000000.0,3.5,1600.0,7.0,3.0,1.0,0,2340.0,0
0,0,,2675000.0,2.0,1236.0,5.0,2.0,1.0,0,1400.0,0
1,1,2600.0,,,1100.0,,1.0,5.0,0,,0
0,0,,550000.0,1.0,,3.0,1.0,1.0,0,,0
0,0,,2300000.0,1.0,942.0,3.0,1.5,1.0,0,1328.0,0
1,0,4400.0,,1.0,600.0,3.0,1.0,1.0,0,,1
1,0,5500.0,,2.0,,4.0,2.0,1.0,0,,0
0,0,,985000.0,1.0,950.0,3.5,1.0,1.0,0,,0
1,0,15000.0,,4.0,2400.0,,4.0,5.0,0,,0
1,0,2300.0,,1.0,580.0,4.0,1.0,4.0,0,,1
1,0,5200.0,,2.0,1200.0,4.0,2.0,1.0,0,,0
0,1,,750000.0,,2300.0,,,5.0,0,,0
0,0,,1326795.0,2.0,1347.0,5.0,2.0,1.0,0,705.69,0
0,0,,419000.0,0.0,,2.0,1.0,1.0,0,,0
0,0,,1400000.0,,850.0,6.0,2.0,1.0,0,,0
0,0,,4250000.0,4.0,2800.0,7.0,4.0,1.0,0,0.0,0
0,0,,5000000.0,4.0,2878.0,9.0,3.5,1.0,0,1514.0,0
1,0,2950.0,,0.0,,2.5,1.0,1.0,0,,0
1,0,2950.0,,2.0,,5.0,1.0,5.0,0,,0
0,0,,520000.0,1.0,725.0,3.0,1.0,1.0,0,,0
0,0,,730000.0,1.0,,3.0,1.0,1.0,0,,0
0,0,,725000.0,1.0,888.0,3.0,1.0,1.0,0,,0
0,0,,1650000.0,3.0,1365.0,5.0,2.0,1.0,0,964.0,0
1,0,3800.0,,1.0,700.0,,1.0,1.0,0,,0
0,0,,430000.0,,,2.0,1.0,5.0,0,,0
0,0,,1150000.0,1.0,637.0,3.0,1.0,5.0,0,641.0,0
1,0,5800.0,,2.0,1190.0,4.0,2.0,4.0,0,,0
1,0,3000.0,,,532.0,2.0,1.0,5.0,0,,0
1,0,4900.0,,1.0,1100.0,,2.0,1.0,0,,0
0,0,,1800000.0,2.0,1242.0,4.0,2.0,1.0,0,1447.0,0
0,0,,2195000.0,2.0,1662.0,4.0,1.5,1.0,0,1255.0,0
0,0,,5999999.0,3.0,2877.0,6.0,2.5,1.0,0,3756.0,0
0,0,,275000.0,2.0,550.0,3.0,1.0,5.0,0,866.0,0
1,0,2800.0,,,500.0,2.0,,4.0,0,,0
1,0,4850.0,,2.0,,5.0,2.0,6.0,0,,0
1,0,4800.0,,1.0,,3.0,1.0,1.0,0,,1
1,0,8995.0,,2.0,2000.0,4.0,3.0,3.0,0,,0
0,0,,992000.0,1.0,609.0,3.0,1.0,1.0,0,998.0,0
0,0,,2950000.0,,,,,,1,,0
0,0,,750000.0,0.0,551.0,2.0,1.0,1.0,0,733.0,0
1,0,2300.0,,1.5,850.0,,1.0,4.0,0,,0
0,0,,10000000.0,,,,,5.0,0,,0
0,0,,1325000.0,1.0,1071.0,3.5,1.5,1.0,0,1300.0,0
1,0,6000.0,,1.0,999.0,3.5,1.5,6.0,0,,1
1,0,2630.0,,0.0,,2.0,1.0,1.0,0,,1
0,0,,3850000.0,5.0,3448.0,7.0,4.5,1.0,0,,0
1,0,7000.0,,2.0,1220.0,4.0,1.0,6.0,0,,1
0,0,,2995000.0,3.0,1795.0,4.0,3.0,1.0,0,2351.0,0
0,0,,1850000.0,1.0,1062.0,4.0,2.0,1.0,0,,0
0,0,,3188000.0,2.0,1266.0,,2.5,1.0,0,1860.0,0
0,0,,2184000.0,1.0,783.0,3.0,1.0,1.0,0,1079.0,0
1,0,2000.0,,1.5,900.0,,1.0,4.0,0,,0
1,0,9995.0,,3.0,1457.0,5.0,2.0,1.0,0,,0
0,0,,18000000.0,5.0,5800.0,15.0,7.0,1.0,0,,0
0,0,,2550000.0,2.0,1308.0,5.0,2.5,1.0,0,1372.0,0
1,0,3795.0,,1.0,,3.0,1.0,6.0,0,,1
1,0,12000.0,,3.0,,6.0,2.5,1.0,0,,0
0,0,,3625000.0,3.0,1953.0,,2.5,1.0,0,1188.0,0
1,1,9000.0,,,2500.0,,,5.0,0,,0
1,0,3950.0,,1.0,750.0,3.5,1.0,1.0,0,,0
1,0,4350.0,,1.0,851.0,3.0,1.0,5.0,0,,0
1,0,3900.0,,1.0,,3.0,1.0,5.0,0,,1
1,0,3900.0,,1.0,,3.0,1.0,1.0,0,,0
1,0,6000.0,,2.0,1000.0,4.0,2.0,5.0,0,,0
0,0,,4850000.0,2.0,1768.0,3.0,2.5,1.0,0,2485.91,0
0,0,,989000.0,1.0,,3.0,1.0,1.0,0,,0
0,0,,525.0,0.0,492.0,2.0,1.0,5.0,0,381.0,0
1,0,7150.0,,4.0,,,2.0,1.0,0,,0
0,0,,1430000.0,,,,,1.0,1,,0
0,0,,2995000.0,3.0,1690.0,6.0,3.0,1.0,0,1741.0,0
1,0,2500.0,,2.0,1000.0,4.0,1.0,4.0,0,,0
0,0,,2699990.0,2.0,1652.0,3.0,2.5,1.0,0,2052.0,0
1,0,9795.0,,3.0,1844.0,6.5,3.5,1.0,0,,0
1,0,,,2.0,1170.0,,2.0,6.0,0,,0
0,0,,1845000.0,2.0,,4.0,1.5,1.0,0,,0
1,0,10000.0,,,,,,5.0,0,,0
0,0,,579000.0,1.0,,3.0,,4.0,0,968.0,0
1,0,5250.0,,1.0,,4.0,1.0,4.0,0,,0
1,0,2650.0,,1.0,,3.0,1.0,1.0,0,,0
1,0,4295.0,,1.0,750.0,3.0,1.0,1.0,0,,0
0,0,,3195000.0,3.0,1530.0,5.0,3.0,1.0,0,2107.0,0
0,0,,549000.0,1.0,650.0,2.0,1.0,5.0,0,1251.0,0
0,0,,2625000.0,1.0,,3.5,2.0,1.0,0,1046.0,0
0,0,,9500000.0,4.0,4451.0,8.0,3.5,1.0,0,2934.0,0
1,0,6000.0,,2.0,1385.0,4.0,2.0,5.0,0,,0
0,0,,5395000.0,3.0,2702.0,6.0,3.5,1.0,0,3428.0,0
0,0,,2995000.0,3.0,1706.0,5.0,2.5,1.0,0,1386.0,0
1,0,5500.0,,1.0,850.0,3.0,2.0,4.0,0,,1
0,0,,3250000.0,3.0,1703.0,,2.5,1.0,0,1036.0,0
1,0,1700.0,,,,2.0,1.0,6.0,0,,0
0,0,,4000000.0,3.0,,6.0,3.0,1.0,0,,0
1,1,25000.0,,,5000.0,,,,0,,0
1,0,3650.0,,1.0,661.0,2.0,1.0,1.0,0,,0
0,0,,1595000.0,2.0,1012.0,5.0,2.0,1.0,0,1036.0,0
0,0,,1325000.0,1.0,779.0,3.0,1.0,1.0,0,1024.0,0
0,0,,3850000.0,5.0,3448.0,7.0,4.5,1.0,0,,0
1,0,5700.0,,2.0,1400.0,4.5,2.0,5.0,0,,0
1,1,12000.0,,,11002600.0,,2.0,5.0,0,,0
1,0,4000.0,,1.0,900.0,3.5,1.5,5.0,0,,0
0,0,,6000000.0,3.0,3742.0,,4.5,1.0,0,6515.0,0
1,0,2895.0,,,616.0,2.0,1.0,1.0,0,,0
0,1,,,,65000.0,,,,0,,0
0,0,,9950000.0,2.0,2145.0,4.0,2.5,1.0,0,2749.0,0
0,0,,2499000.0,1.0,1064.0,,2.0,1.0,0,1504.0,0
1,0,4999.0,,2.0,,4.0,2.0,4.0,0,,0
0,1,,2500000.0,,6500.0,,,5.0,0,,0
1,0,4095.0,,1.0,750.0,3.0,1.0,3.0,0,,0
1,0,2900.0,,0.0,620.0,2.5,1.0,5.0,0,,0
1,0,2999.0,,1.0,,3.0,1.0,1.0,0,,0
0,0,,995000.0,1.0,609.0,2.0,1.0,1.0,0,998.0,0
0,0,,2000000.0,6.0,2250.0,17.0,6.0,1.0,0,,0
1,0,2000.0,,2.0,950.0,4.0,1.0,1.0,0,,0
1,0,3800.0,,1.0,,3.0,1.0,1.0,0,,0
1,0,3300.0,,2.0,,4.5,1.0,1.0,0,,0
1,0,6200.0,,2.0,1400.0,4.5,2.0,5.0,0,,0
0,0,,700000.0,1.0,800.0,4.0,1.0,2.0,0,,0
1,0,2950.0,,1.0,,3.0,1.0,1.0,0,,0
1,0,4900.0,,1.0,1100.0,,2.0,1.0,0,,0
0,0,,795000.0,1.0,,,1.0,1.0,0,,0
1,0,2300.0,,1.0,580.0,4.0,1.0,4.0,0,,1
0,0,,18800000.0,3.0,3227.0,4.0,3.0,1.0,0,6658.0,0
1,0,3199.0,,1.5,,4.0,1.0,2.0,0,,0
0,0,,1320000.0,2.0,1347.0,5.0,2.0,1.0,0,705.69,0
0,0,,1562000.0,0.0,608.0,2.0,1.0,1.0,0,862.0,0
1,0,4000.0,,1.0,,3.0,1.0,1.0,0,,0
1,0,13000.0,,2.0,1500.0,5.0,2.0,4.0,0,,1
0,0,,2350000.0,,,,,1.0,1,,0
0,0,,2225000.0,2.0,1570.0,5.0,2.0,1.0,0,,0
1,1,7500.0,,,600.0,2.0,1.0,,0,,0
1,0,4495.0,,1.0,836.0,3.0,1.5,6.0,0,,0
0,0,,1230000.0,1.0,606.0,3.0,1.0,1.0,0,960.0,0
0,0,,995000.0,,,,,,1,,0
0,0,,4250000.0,2.0,2026.0,7.0,3.0,1.0,0,1482.0,0
1,0,3500.0,,,,2.5,1.0,1.0,0,,1
1,0,35000.0,,5.0,,,10.0,1.0,0,,0
1,0,2850.0,,1.0,,3.0,1.0,1.0,0,,1
0,0,,1195000.0,1.5,,4.0,1.0,1.0,0,,0
0,0,,1199000.0,1.0,764.0,3.0,1.0,1.0,0,822.0,0
0,0,,4595000.0,3.0,2517.0,6.0,3.0,1.0,0,3369.0,0
1,1,15000.0,,,,,,5.0,0,,0
0,0,,1250000.0,1.0,873.0,3.0,1.5,1.0,0,1197.0,0
1,1,,45000.0,,200.0,,,5.0,0,,0
1,0,3750.0,,1.0,661.0,2.0,1.0,1.0,0,,0
0,0,,3999500.0,2.0,1767.0,4.0,2.0,1.0,0,2316.0,0
0,0,,800000.0,1.0,,,1.0,6.0,0,,0
0,0,,2250000.0,1.0,1110.0,3.0,1.5,1.0,0,2266.0,0
1,0,3937.0,,1.0,750.0,3.0,1.0,3.0,0,0.0,0
0,0,,2479000.0,3.0,1560.0,,2.0,1.0,0,1267.0,0
0,0,,1350000.0,1.0,988.0,3.0,1.5,1.0,0,1021.0,0
1,0,4450.0,,2.0,1100.0,,2.0,3.0,0,,0
1,0,3900.0,,1.0,1000.0,3.5,1.5,5.0,0,,0
0,0,,4850000.0,4.0,2753.0,9.0,3.5,1.0,0,1609.0,0
0,0,,1188000.0,1.0,640.0,3.0,1.0,1.0,0,1049.0,0
1,0,3969.0,,1.0,745.0,3.0,1.0,6.0,0,,0
0,1,,500000.0,,300.0,,,,0,,0
1,0,5500.0,,1.0,,3.5,2.0,4.0,0,,1
1,0,20995.0,,4.0,2780.0,10.5,3.0,6.0,0,,0
0,0,,875000.0,1.0,675.0,3.0,1.0,1.0,0,,0
1,0,8000.0,,2.0,1343.0,5.0,2.5,1.0,0,,0
1,1,16000.0,,,680.0,,,5.0,0,,0
1,0,3950.0,,1.0,820.0,3.5,1.0,5.0,0,,0
1,0,2950.0,,1.0,,3.0,1.0,6.0,0,,0
0,0,,6200000.0,,,,,1.0,0,2819.43,0
0,0,,575000.0,0.0,,2.5,1.0,1.0,0,,0
0,0,,1440000.0,1.0,848.0,3.0,1.5,1.0,0,1145.0,0
1,0,5900.0,,3.0,,6.0,2.5,6.0,0,,0
1,0,32000.0,,5.0,3744.0,7.0,4.5,1.0,0,,0
1,0,5700.0,,3.0,1200.0,5.0,2.0,1.0,0,,0
1,0,2700.0,,0.0,500.0,2.0,1.0,4.0,0,,1
1,0,,,1.0,,,1.0,1.0,0,,1
1,0,3800.0,,1.0,,3.0,1.0,1.0,0,,1
1,0,3300.0,,2.0,,5.0,1.0,5.0,0,,0
1,0,5650.0,,3.0,,,2.0,4.0,0,,0
1,0,5300.0,,3.0,1300.0,,3.0,1.0,0,,0
1,0,9000.0,,2.0,1612.0,6.0,2.5,6.0,0,,0
1,0,3795.0,,4.0,,6.0,2.0,,0,,0
0,0,,1400000.0,2.0,,3.0,2.0,6.0,0,,0
0,0,,4750000.0,4.0,2753.0,,3.5,1.0,0,1704.0,0
0,0,,1128750.0,1.0,640.0,3.0,1.0,1.0,0,1049.0,0
0,0,,5000000.0,4.0,2878.0,9.0,3.5,1.0,0,1514.0,0
0,0,,3900000.0,2.0,1971.0,5.0,2.5,1.0,0,1333.0,0
1,0,30000.0,,2.3,3750.0,7.0,3.5,1.0,0,,0
0,0,,3350000.0,3.0,,6.0,4.0,6.0,0,,0
0,0,,595000.0,0.5,460.0,3.0,1.0,1.0,0,425.0,0
0,0,,2250000.0,3.0,1609.0,,2.5,1.0,0,1893.0,0
1,0,2100.0,,1.0,550.0,3.0,1.0,4.0,0,,0
0,0,,725000.0,0.0,551.0,2.0,1.0,1.0,0,754.0,0
0,0,,5650000.0,3.0,2706.0,7.0,3.5,1.0,0,3477.0,0
0,0,,749000.0,1.0,,4.0,1.0,1.0,0,,0
0,0,,,2.0,883.0,,1.5,1.0,0,,0
0,0,,1715000.0,2.0,1329.0,5.0,2.0,1.0,0,1917.0,0
1,0,4100.0,,1.0,729.0,3.5,1.5,6.0,0,,0
0,0,,4595000.0,2.0,4000.0,10.0,4.0,1.0,0,,0
0,1,,99000.0,,,,,,0,,1
1,0,8000.0,,1.0,1300.0,4.0,2.0,1.0,0,,1
1,0,6800.0,,2.0,,6.0,2.0,1.0,0,,0
1,0,2750.0,,1.0,700.0,3.0,1.0,5.0,0,,0
1,0,6500.0,,2.0,,5.0,2.0,1.0,0,,0
1,1,14500.0,,,600.0,,,,0,,0
0,0,,4950000.0,4.0,2753.0,9.0,3.5,1.0,0,1609.0,0
0,0,,599999.0,1.0,,3.0,1.0,2.0,0,,0
1,0,3098.0,,1.0,700.0,3.0,1.0,4.0,0,,0
0,0,,1102500.0,1.0,640.0,3.0,1.0,1.0,0,1049.0,0
0,1,,,,23000.0,,,5.0,0,,0
1,1,6000.0,,,400.0,,,1.0,0,,0
